f1,f2,f3,f4,f5,f6,f7,f8,f9,f10,f11,f12,f13,f14,f15,f16,f17,f18,f19,f20,f21,f22,f23,f24,f25,f26,f27,f28,f29,f30
1.6550319,-0.28359967,-0.5737235,1.8305403,-0.23662299,-0.5406374,-0.92334837,-0.35343066,-0.001462698,-1.1573963,-0.44764656,1.4087276,0.7142377,1.6120994,-0.4146151,-0.78663015,-1.5245463,1.3142096,-1.5037001,-1.6738049,-0.48477036,-0.023442686,1.0249364,1.3859109,0.24419469,1.5972384,1.4206061,-1.1502695,-1.4169708,-0.1615117
0.92784435,-0.32770333,-0.11179307,1.7909757,-0.09891915,0.19897845,0.47272313,1.0129243,-0.65878147,-1.2612953,-0.432072,-0.6043079,1.5061125,1.2442069,-0.35656512,0.09973244,-0.5119036,0.4206182,-1.594804,-0.0012298822,-0.41874564,0.07556689,1.0594279,1.7840229,-1.6069913,1.2574176,2.0523484,-0.6860103,-1.0295383,0.760225
1.2924947,-1.2338784,-0.97542894,0.57630527,0.7783161,-1.1292429,-0.53950137,-1.0931051,-0.102818914,-1.0052743,-1.3965816,-0.25311393,0.26733425,1.1665311,-1.1237545,-0.19137324,0.42032784,0.90026844,-1.3903744,-1.0859201,-1.131141,-0.9063196,-0.5656346,1.5547473,0.29944223,1.4906296,1.1445566,0.5334055,-0.037790835,0.4911697
1.285235,-0.724983,-0.4063708,1.7109107,0.27533662,-1.701621,-1.2926121,-1.2159486,-0.908867,0.35396302,0.08877102,0.17088814,0.8122124,1.6115263,-0.44477293,-1.4953393,-1.0704097,1.645639,-1.218741,-1.6629093,-0.3064603,-1.3512186,1.0214891,1.2910495,-0.20672733,0.93646455,0.7744363,-1.0212803,-0.99987006,0.6733903
2.1548243,-0.21954462,0.1235431,1.7263901,0.065305784,-1.1038278,-0.8431049,-0.42692834,0.77388227,-1.0437548,-0.60745156,1.1656083,1.7223268,1.8575989,-1.1094936,-0.8100468,-0.16498491,0.16467789,-0.7859398,-0.5894669,0.037970237,0.4392416,-0.8327599,2.043603,0.46782202,1.0718888,1.2053093,-0.7967027,-0.4722821,0.09196721
2.2906466,0.014274124,-0.9215807,1.7052406,-0.18089518,0.1917353,-1.2309028,0.5328956,0.029963091,-0.53916365,-0.9030857,-0.23593731,-0.12332161,1.1547558,-0.30585086,-0.4470752,-1.342972,0.9575655,-2.0472853,-1.1444657,-1.196334,0.51985717,-0.5230715,1.1773074,-0.72267675,1.5945294,0.98051983,-0.62879306,-0.6991452,0.7497275
2.314896,0.58857745,-0.86562747,1.4242928,0.28427953,-0.25018537,-1.0786189,-0.09360923,-0.47499216,-0.90936,-1.0408876,1.4870472,0.20751259,1.3639339,-0.6308018,-0.5383585,-1.7885227,1.9671444,-0.47796834,-0.88211775,-0.54220974,0.12773268,0.35353357,0.93526065,0.13839787,2.1664453,0.5849402,-0.7030017,-0.952953,0.57578504
0.8355906,0.84243715,0.47014654,0.72757137,-0.22261342,-0.59870785,-0.9180471,0.5300108,-0.65758854,-0.80299956,-0.6273978,0.32654727,0.49581325,0.964388,-0.9477452,-0.8450656,-0.7917519,0.5679876,-1.8560438,-0.8774188,-0.7471851,0.109815195,0.24521627,2.1866636,-0.68553376,1.5064479,1.2198006,-0.15069304,-1.4737797,1.2026471
1.0334679,-1.6325611,0.331189,0.72079855,0.0817945,-0.55974746,-1.2873719,-1.0658039,0.26969194,-1.0687637,0.06340156,0.22643612,1.2719994,1.0711178,-1.530454,-0.28349912,-0.778588,-0.055977784,-1.345173,-0.9312783,-0.16403374,-0.07708349,0.07225843,2.7650487,-0.15739462,1.5362954,1.2839731,0.69586813,-0.28619808,0.33657548
1.5552644,0.32781816,0.8910764,0.87187064,-0.7162753,-0.8672767,-1.0219576,-0.11915879,-0.37477958,0.2538257,-1.5558627,-0.3521577,0.6570941,1.4570694,-0.35148364,-1.0001721,-1.7740151,0.0016311009,-1.9096953,-1.1938161,-0.65918285,0.1193396,-0.6305888,2.0437622,-1.2057369,0.40574154,0.8333401,-0.6017699,-0.7172011,1.115009
0.65071994,0.037538193,-1.2311324,1.2296795,-0.5590364,-0.70036495,0.2252299,0.80968136,0.42533916,-0.47972143,-1.3921721,0.04660627,1.5040314,1.4038702,0.2882825,0.06772118,0.36485362,-0.38283497,-1.2385626,-1.0169357,-0.5536204,-0.35965207,-1.0303884,1.9806054,0.740211,0.5841731,1.4877472,0.4059294,-2.1797159,0.69963694
1.8915979,0.21940759,-0.6098561,0.88774467,0.6391833,-1.2469871,-1.5380706,-1.1813788,-0.3546896,-0.8110962,-0.64597243,1.0284401,2.300945,2.0070229,-0.9788097,0.4595567,-0.7974797,1.0870681,-1.3956109,-1.6591904,-0.35600346,-0.31863472,0.2553836,0.44932556,0.35947353,-0.16375238,0.7739231,-0.65688527,-1.6335013,0.66911286
2.6842542,0.99853736,0.6777559,1.1991417,-0.13271976,0.040447086,-0.89606947,1.1372452,0.32075608,-0.6651058,-0.92765903,0.6731311,1.3487052,1.0889738,-1.1671216,-0.16587706,-1.1233133,0.34431985,-1.7556499,-1.2999289,-0.34473336,-0.45683938,0.5174964,1.5286931,-0.8207788,1.1393359,1.6405499,-1.019946,-0.15067083,0.17733109
1.4515074,1.5073476,-1.688169,-0.6643071,0.37148976,-1.1723937,-1.4899255,-0.35538778,-0.45950168,-0.75490564,-1.1203096,0.8082694,0.580621,1.4878204,-0.2738034,1.0013143,0.12518217,0.36883095,-1.1102581,-1.82809,0.2590122,-0.8929698,0.10835291,0.20614155,1.0960321,1.0146897,1.0279857,0.60744107,-2.0388918,0.60815203
1.027135,1.0812958,-2.1280224,0.1638712,0.1245927,-1.1063355,-1.7216012,-0.4307235,-0.6889895,-0.9592036,-0.77905643,-0.51691926,-0.2566409,1.9651502,0.785897,0.16900215,-1.1536218,0.23878329,-0.99817884,-2.546743,0.8743796,-0.11616169,0.44635564,1.0709009,0.29158133,0.609723,1.6894006,0.080428794,-2.1154668,-0.17700242
-0.20440103,0.29805052,0.54337686,-0.10716772,-0.6958993,-0.9259932,-1.7543172,-0.78503,-1.4837497,-1.909346,-0.41618097,0.030391766,1.3879167,0.8037665,-1.4662727,-1.0059321,-0.54867214,-0.21008198,-0.15960726,-1.0785004,0.030365609,-0.6039856,1.8596753,0.21132265,-0.54022276,0.8505548,0.5563813,0.69860125,-1.4359102,0.61748016
0.50066197,-0.9366551,0.3060865,0.54672885,0.2571177,-0.03975479,-1.3162495,-0.7973794,-1.2223146,-1.1029613,-0.6455808,-0.58460635,1.1962075,0.21813251,-1.0149355,-1.8826444,-0.1616418,0.47806552,-1.2268987,-0.88005906,-0.6831432,0.2529527,0.38966078,2.074107,0.010832056,1.8989677,0.68247104,1.0916936,0.6954199,0.45010197
1.3692474,-0.53785986,-0.7799722,0.42491406,0.35421884,0.00186757,-0.8873467,-0.48468533,-0.6703073,0.17109787,-1.1704054,-0.96319056,0.91866565,2.28259,-0.23002037,-0.30406845,-1.2170358,1.6882957,-2.014284,-1.4694728,-0.888674,-0.56398284,0.36105886,1.8268577,-1.5658865,1.6926503,0.7398648,0.4376142,-0.7044051,0.75607544
0.57905585,-1.3494174,-0.81777436,0.8273082,-0.5599465,-1.0117009,-1.2353039,-1.3721797,-1.360305,-0.76752955,1.2944775,-0.13770334,1.6685333,1.3353801,0.07193984,-1.0049099,-0.36996442,-0.12783667,-2.0780184,-2.0129857,-0.2276544,-1.1800239,1.0244505,1.0480794,-0.6160877,-0.1845338,0.50638896,-0.41385776,-0.76721096,0.3638251
-0.47702748,-0.06573668,0.13281299,-0.41153207,1.0155818,-0.1549595,-1.6359766,-1.7774938,-1.6655984,-0.88067895,0.59831524,-0.09552361,1.4181316,1.9481007,-1.9098722,-1.2223012,-0.53594714,1.179639,-1.0754148,-1.5010731,0.69904125,-0.05980044,1.5394794,1.9631226,-0.7508008,1.438914,0.45911556,1.2689228,-0.49105963,0.2125782
-0.37273288,-0.17105195,0.42549723,-0.9367486,0.020879935,0.49499694,-1.9969188,-1.5364429,-0.7753157,-0.85854703,0.6396237,0.28921884,0.25571764,2.2333465,-2.14802,-1.0671245,-0.52139336,0.4210167,-1.8219155,-1.9745407,0.59621185,-0.65954727,1.4956683,1.9795146,-0.035981372,1.7265667,0.7943756,0.6370811,-1.2827444,-0.27681005
0.21659492,0.7303686,0.87439615,-0.35608205,0.339536,-0.09664882,-0.9724481,-1.1385933,-1.3186595,-1.8883111,0.4540889,0.3126943,-0.6591521,0.74218607,-1.1155722,-2.0492344,-1.3558598,-0.65438473,-1.2985324,-2.2076468,-0.43174106,-1.4040208,1.7850031,1.5412709,-0.34036443,0.18274017,0.084533654,0.6961794,-1.2329592,-0.25429204
0.40345675,-0.4733209,-0.5702866,-1.4256905,1.3409374,-0.26326814,-1.8446358,-2.328664,-1.028996,-0.6606471,0.28424537,-0.100127265,0.7632466,1.4740634,-1.9652717,0.057329506,0.118939534,1.0566038,-1.1406868,-1.2449332,0.52782863,-0.796499,1.3183166,1.4171573,-0.12325087,0.91552985,0.67340076,1.3924029,-0.5009493,-0.1337017
0.8123498,-0.30455056,-0.5115628,-1.5616763,1.3101717,-0.7038144,-1.3407418,-2.1817694,-0.80784625,-1.3737501,-0.10403928,0.0085117165,0.21322224,0.9804019,-1.487882,-0.55348825,-0.3092336,-0.02150821,-1.1775684,-1.5631106,0.10801877,-1.3654894,0.8300904,2.0557315,-0.25152713,-0.64634275,0.30165905,0.61996037,-0.90104616,0.043064207
1.3773836,-0.35059938,0.09935203,-0.09439859,0.082180314,1.1536456,-1.4667311,0.09129263,-0.99240696,-1.7679031,-0.30420056,-0.68588334,0.39598906,0.17795575,-0.378975,-1.6991557,-0.22232035,0.862166,-1.6775666,-2.4728675,-0.2538306,-0.6725641,1.3524748,0.17307359,0.12582713,0.6950581,0.83293015,1.3165946,-0.75116503,1.0087355
-0.078979895,-0.29657906,0.910893,-0.94181955,0.30516773,0.18440449,-1.7902756,-1.3657339,-2.0400817,-0.87505496,0.45976225,-1.0088211,1.4213773,1.0506222,-0.51619947,-1.30471,-0.12113385,-0.09405383,-1.9192536,-2.2533607,0.14420219,-1.6020659,1.8525618,1.1382016,-0.51357543,-0.06370154,0.24937642,1.1910708,-0.8818544,0.3739961
0.39068943,-0.30390647,-0.096827894,0.10675213,0.44374877,1.3709191,-0.6429813,0.83913654,0.13433777,1.4584267,-1.8595464,-1.6230476,1.5151774,0.94267845,0.9213432,-0.8118495,-0.24577174,0.7060146,-1.3940145,-0.680609,0.72327304,-0.54843885,0.47582874,0.041620955,0.10265988,1.9787356,0.87151784,1.8155861,-0.51980615,0.6456627
0.28879187,0.10501899,1.1580077,0.25568467,0.4559995,0.6044331,-1.5310701,-1.2381936,-1.2662158,-1.5474904,0.24880373,-0.26760417,0.22370186,0.79463005,-0.4055509,-1.7581263,-0.5892954,0.06410106,-1.7375634,-2.1194828,0.09813941,-1.3487338,2.2809172,0.8949319,-0.43680885,1.0131712,0.25451902,1.6712406,-0.6879475,-0.82759035
0.23190968,-0.4731478,0.09918718,-0.5192256,0.9270572,-0.75303227,-1.600741,-2.1728559,-1.0617143,-0.64025563,0.7361185,0.45397967,-0.10845314,1.6617026,-2.3102505,-1.9291489,-0.34696028,0.2873984,-1.4749523,-1.7088771,0.3931654,-0.80682784,1.3634502,2.0352542,-0.09798774,0.31053343,-0.12750125,0.3480664,-0.4571333,0.025869034
0.7810398,-0.9701449,0.60563356,-0.61136675,0.3452096,0.89363295,-0.937319,-1.1598232,-1.1525798,-0.64150363,-0.45162845,-0.98363256,0.28428373,1.0888709,0.3072875,-1.3216153,-1.1968436,-0.03423981,-2.062838,-2.5199027,0.15625449,-2.2467022,1.7241986,1.6698786,-0.9517004,-0.48069587,0.6607422,1.0279143,-0.6680762,-0.050721932
1.2710192,-0.89670515,-0.35519046,-0.4734411,-0.10284512,0.28426802,-1.8704787,-1.6894329,-1.7284802,-1.5689309,1.3714323,-0.31688464,1.2575885,0.30402163,-0.2771225,-1.1465247,0.106162325,0.48891795,-1.2797571,-2.4757338,0.44061872,-0.7158963,1.0955135,0.20476061,-0.5560514,0.4230585,0.48453805,1.0814273,0.12148756,0.27968448
1.5356388,0.017255213,-2.4891777,-0.03788215,0.6617784,-0.56744295,-1.8591247,-0.86313957,-0.86556715,-1.0304642,-0.20235667,-0.49770236,0.50316584,1.7743803,-0.3516366,-0.72737455,-0.9780119,1.2666427,-1.6146656,-2.3843307,0.53900737,-0.79402703,0.9319429,1.2436326,0.08708528,-0.026553288,0.96092004,0.09468846,-1.7560785,0.21228519
-0.34914654,0.3395592,0.32471797,0.7227178,0.14292514,1.7281337,-1.8725746,-0.24958189,-1.6061645,-0.3010526,0.5540757,-1.0357116,0.871622,1.0019164,0.3075662,-1.9752417,-1.3758183,0.7329943,-1.356824,-1.2102754,-0.43187433,-0.5272278,2.1641014,1.2465527,-1.4031606,1.3761911,0.9044205,0.69734246,-0.5225183,-0.2176917
0.14314935,0.32930624,-0.5415297,-0.16914296,-0.11686021,-1.4410038,-2.0473125,-1.4962525,-1.5631645,-1.5910408,0.17746224,0.02919545,0.58545744,1.2700403,-0.61252016,-1.132802,-0.23211062,-0.23334388,-1.3736714,-2.7026992,0.5003823,-0.52853066,1.3285342,0.9874153,0.2819993,-0.010547057,0.3242939,0.63451636,-0.90263784,0.3422599
-1.8417268,0.8848596,0.58820456,0.562518,0.66843337,-0.37500027,-0.2692956,1.198585,-1.4241644,0.7137145,0.015150625,0.08545543,-1.3434713,0.008484021,-0.11974555,0.4956265,1.3213574,-0.20026916,1.1991695,-0.5637351,0.062281054,-0.19581631,-0.8703661,1.2057117,1.1899772,-0.006985739,-1.2613115,-0.7392728,-0.547107,-0.23582953
0.8780539,0.19866861,0.33427963,0.16460302,-0.17252427,-0.8896715,0.13692684,-0.6966047,0.36461985,-0.51552904,-1.5705254,-0.003288895,0.7005515,0.04764171,0.42113075,0.099117234,1.4930096,-0.2867347,0.31224692,-0.663307,-0.33153293,0.22564273,0.1636455,0.35996586,1.0591874,0.83788216,0.10400467,-0.071240224,1.0556318,1.3826191
0.9891699,-0.0065731294,-0.098709926,0.27890164,0.6277901,-0.4558404,-0.77646434,-0.40775207,-1.0118934,-1.2904313,-0.40843117,0.31694657,0.1676492,0.7987517,-0.8556123,0.14710031,-0.14328703,0.36878622,-0.7825922,-1.11059,0.06316807,-0.94297945,0.42283002,2.0389326,-0.009880871,0.57221484,0.67492056,0.19400996,-1.0896313,0.5829976
-0.5792012,-0.85097694,0.1483774,-0.57986295,0.24297652,0.08845993,0.26785207,0.2943189,0.056923017,0.38603806,-0.6974127,-0.07064462,0.035389617,-0.49992767,0.15319425,1.7954419,1.3236512,-0.3072401,1.0316828,-0.7874884,-0.04832583,0.023735419,0.46076488,-0.36252746,-0.36829126,0.51621187,-0.50779426,0.048374802,-0.030091092,0.75172377
-0.8921136,-0.6893443,0.21065319,-0.61191916,0.46084785,0.62788373,0.045458615,-0.64890873,-0.34563226,-0.08762634,-0.21946394,-0.98839355,0.56271505,-1.1796004,0.4161611,0.11381678,1.2496474,-0.75634587,0.5380193,-0.5651623,0.0240542,-0.38573605,1.5040792,-0.13228375,0.4754176,-0.28924403,-0.63776624,0.4231364,0.92624855,0.32786322
0.20718582,-0.05141544,0.1232581,-0.10428381,0.4334113,-0.49194628,0.6907266,0.2439662,-0.30287814,0.023952223,-1.2760148,0.47658283,0.3993799,0.23586822,0.69574356,0.8278507,1.276358,-0.9385834,0.77732205,0.16325986,-0.22652942,0.13944186,0.07237424,0.29158762,0.851818,0.55511,0.1130659,-0.42331,0.25637734,1.2734935
0.84503555,-0.6929453,-0.5077802,1.5243628,0.6307483,-1.4459543,0.55487114,-0.6535842,0.23969047,-1.8863729,-0.44842803,-0.40828335,-0.031133682,1.5863384,-0.04175695,0.46041846,1.1668919,-0.0076534743,-1.43755,0.38780576,-1.0133127,-0.8274779,-0.89957404,1.4943193,-0.3280648,2.6178033,-0.29546496,-0.5404277,-0.7228919,-0.32270792
1.8442267,0.8930587,1.3961185,1.010895,0.8400701,-0.17052755,0.7312242,0.30527446,0.1833738,-0.113628685,-1.390836,0.9641756,0.34700555,2.175912,-1.1041398,-0.7532461,-0.73630893,0.18023889,0.21474704,-1.4433287,-0.19130483,0.70902956,-0.16135691,2.3973103,-0.39891168,1.4089903,-0.11446836,-0.20401704,-1.513628,0.47987315
2.1111414,0.9638953,0.60383445,1.1712667,1.249082,-0.87723404,-0.13969696,-0.7873491,-0.9519098,-0.6201023,-0.81959814,0.5420158,-0.054605946,0.117424175,-0.96518433,0.1916754,-0.01825115,1.0814415,-0.91677773,-1.2891892,-0.06575524,0.9783874,0.9587552,1.5855939,-0.585467,1.4645082,1.6018685,-0.30328602,-0.9162046,1.3520745
1.1836827,1.247851,-0.14283007,1.5049871,-0.030126652,-0.45723322,1.250033,0.34473974,-0.29514635,0.8242375,-1.5210707,1.0607996,-0.40080994,1.3905034,-1.4265054,0.5547543,-0.333153,-1.2380501,1.2988315,1.8401335,-0.49912018,0.68238086,-1.1040679,1.7339551,0.0897513,2.0898206,0.486826,-0.46935633,-1.2627392,0.34434417
1.8818989,0.35437182,0.44907483,0.844849,-0.11766589,-1.4131938,-0.4018284,0.15209593,-1.2406503,-0.73625183,-0.7311751,0.86879665,0.017427698,0.61792994,-1.0790106,0.22270489,0.056106403,1.4257202,-1.1353359,-0.8405071,-0.79838115,-0.33092725,-0.4232673,1.7679383,-0.70481527,1.9965522,1.2012969,-0.20707825,-0.61015666,0.6732581
1.736206,1.6741554,0.1757581,0.7345332,0.48740187,-1.9959072,-1.1148677,-1.0956715,-0.46941203,-0.48491856,-1.5436602,1.3797461,0.9196076,1.5079355,-0.5024959,-0.34210992,-0.26630956,-0.058359046,0.11331636,-1.8768007,1.1083294,0.67001176,0.04821436,1.2128997,-0.21877998,1.095369,-0.3438424,0.54298025,-0.9065007,0.77503777
1.3752203,0.69111454,0.1733999,0.9542389,-0.29884002,-1.6358448,-0.37447295,-0.32626474,-0.86773777,-0.35078067,-1.4905372,0.117676966,1.5157706,1.3288426,-0.5248567,-1.4033722,-1.0144442,0.41179863,-1.3088732,-1.2808058,0.037979692,0.039537042,-0.76106614,1.6575776,-1.1853267,0.43467847,0.5123167,0.38448733,-0.008521184,1.2331507
1.5926715,0.9487026,0.5473624,0.2603637,-0.14866069,-0.49377048,-1.2809677,0.48051012,-0.46602994,-0.5219827,-1.00282,0.803031,0.80249864,0.4743255,-1.0165274,-1.2966409,-0.68738955,1.4809481,-1.8029009,-0.25085372,-0.088589855,-1.5102935,0.9120839,1.6552718,-1.2211571,1.474787,0.8993111,0.27335674,-0.97252774,0.42546865
1.2906959,2.0878127,0.79108375,0.83053064,-0.27430147,-1.3275576,-0.15819186,0.17535233,-1.0746609,-2.1143181,-1.0524962,0.14081858,1.5804225,1.3781136,-0.8307158,-0.28168726,-0.5457614,1.1159092,0.014669254,-1.6365442,0.030045018,0.8540116,-0.076792024,1.5498797,-0.5609779,-0.18401784,0.2505843,0.44048333,-1.6578325,0.82532614
1.2816304,-0.03273921,0.559455,0.51620054,-1.1553818,-1.3974196,0.80550915,-0.8309251,-0.37810737,-0.14698423,-1.6249182,0.4466009,0.9966561,2.4524746,-0.45383,-0.22775628,0.10977228,-0.20781876,0.15159085,-0.8719854,0.69572693,0.26848513,-1.1144035,1.8599408,-0.38890457,0.5139462,0.85038555,-1.192713,-0.22852224,1.2717654
1.5220007,0.54192364,-0.12308565,0.7638439,0.23317572,-1.3570604,0.4082713,0.008010283,-0.3742268,-0.04502797,-1.2188528,1.4367718,0.8119768,-0.3713319,-0.36110628,-0.47430074,0.3431589,0.74346447,-0.77396667,0.023701265,0.6482522,1.2744119,0.50216943,2.676675,-0.2687474,1.3277059,0.56937945,-0.82955164,-1.7051027,1.3613851
2.0524707,0.026161615,0.42270997,1.6827734,-0.23219901,-0.8641733,-1.1531041,-0.46202895,0.44127274,-0.46292484,-0.4155783,1.4721035,1.3903986,1.1893328,-0.6601821,1.2359496,0.39302325,-0.09565689,0.55601525,0.84854794,-0.73931247,0.32558125,-0.890572,1.8275534,0.83446735,0.94350195,1.4961822,-0.16052333,0.083075404,0.3327534
1.8920776,-0.7673719,-0.44713947,1.5878565,0.3365452,-0.99390364,0.04069431,-0.2194298,-0.48096836,-0.8060399,-1.8952873,0.81439084,-0.08578114,1.3689642,-0.6518638,1.2607206,0.19816719,-0.35404146,-1.0368643,0.0047616363,0.0360851,0.285551,-1.5223264,1.5571872,-0.15270387,1.8370917,0.65959543,-0.5383955,-0.6452781,0.5411848
2.7092805,0.88047546,0.5342083,0.5737206,0.35614374,-0.8956179,-0.0916021,-0.27929273,0.27487332,-0.2540149,-0.9387128,1.724637,1.1475625,1.0918121,-0.67238414,0.92845273,0.17215182,0.40470177,-0.4337052,-1.4304938,0.032798402,0.4506774,-1.3811673,1.5442159,-1.2423687,2.1760337,0.49648592,-0.652416,0.23245886,0.3906355
2.1841905,1.2136072,0.8009003,0.7306557,0.48817447,-0.34707725,-0.10986577,1.2764194,-1.3322959,-1.4514587,-1.9527843,0.030435365,0.8747394,0.8119452,-0.129498,-0.75931484,-0.6202224,0.26511362,-0.037124604,-0.6077744,0.22339572,0.33734155,0.15715471,1.6108701,-0.70183045,1.4016222,0.48533484,-0.3569557,-1.3166529,0.8115418
0.29727206,0.32469228,0.100067616,0.6485492,1.0776563,-0.18565248,-0.3634277,0.6126011,-1.5019903,-0.29355353,-0.3791958,0.7788203,-0.09892054,1.3538904,-0.54509056,1.6572864,0.39598024,-0.54619676,0.46337602,1.135481,0.13847809,-1.1381894,0.20209333,1.4617443,0.8847776,2.0337396,0.20427494,-0.2362028,-0.93315005,0.16933677
1.7378197,0.9749614,-0.4834807,-0.14088029,0.3029868,-0.10834581,-0.30221492,0.7248315,-0.34932023,-0.37162465,-0.6180004,0.8131221,-0.01988335,0.54465854,0.7774981,0.53225493,1.95707,-1.1059703,-0.3051424,-0.405123,-0.11585011,-0.9322026,-1.0702538,0.02255176,0.76325816,0.8222743,0.8148796,-0.29332852,-0.9295653,1.7718796
0.7318732,0.27230227,0.97815603,0.43716538,0.5472712,-0.24299434,-0.81134576,1.178561,0.673262,0.5588773,-2.125651,1.9435724,0.022061333,0.4930907,-1.2084763,1.3927,-1.0503205,-0.590714,0.43000838,0.12422612,-0.048149593,0.8671935,-0.8034642,1.9352698,-0.42641032,1.6898209,0.30320084,-1.5271163,0.48919883,0.019163225
0.77535146,0.78990275,0.06636912,2.0720365,-0.28645185,-0.22156394,-0.22485688,-0.0003122352,0.052561805,0.34507146,0.443029,2.2255647,0.5138314,0.6010908,-0.09442912,1.4604864,1.1374469,0.59667134,1.6023688,0.159706,0.6824454,-0.09649492,-2.06788,1.7605618,0.1642159,0.6444472,1.4405224,-1.4291105,-1.4428136,-0.06571321
1.4655856,0.8026269,1.6362765,-0.06777796,0.80297595,-1.483996,-0.040766984,0.61104196,-0.5614368,0.41448364,-0.013903871,1.3385434,0.7644636,0.6725601,-0.18997781,1.0004879,0.28475314,-1.0904498,-0.08533066,1.4008423,-0.34486806,-0.036123753,-0.43214083,2.2940457,0.4237789,1.4135892,0.86175853,-0.6504787,0.113533914,0.7059162
-0.26592177,0.49387658,0.44458005,0.43427455,1.140131,0.36702934,0.6567262,0.33966264,-0.7749469,-0.010955304,-0.7232213,-0.44470614,1.2114327,-0.74606967,0.1711275,-0.31950295,0.99916303,-0.97371894,1.0112965,-0.94184995,-0.08900093,0.7161567,0.2242568,1.8827798,0.8860739,1.1509739,-0.77698183,-0.7003786,0.19691318,1.2504773
1.8375721,-1.2632426,0.71141523,0.5855229,-0.644517,-0.037132997,-0.46134216,0.18231227,-0.938434,-2.4603202,-0.17024894,-0.31606477,1.6577791,0.03762752,-0.15022269,-0.69760936,1.0995042,0.58875835,-0.8244021,-0.23475754,0.2080909,0.1363387,0.71968836,0.54917157,-0.21332923,0.85653305,1.7536075,0.34150645,-0.46102756,0.39863628
1.6867435,-0.121960774,-0.22326323,1.4037572,0.12733188,-1.3438997,-1.2983452,-0.74300575,-0.6352845,-1.1366041,-0.95376354,-0.33959526,1.0737112,1.5114369,-0.85936415,-0.9473048,-1.348844,0.80507416,-1.4810522,-1.7669247,-0.13278824,0.40664482,0.095302485,2.2472188,-0.22484328,0.11381018,0.67745066,-0.06362229,-1.2624514,0.77672887
0.9215088,1.0978924,0.3637886,0.058251277,-0.16592956,-1.8625491,-1.1403358,-1.3050683,-1.4157155,-0.9750293,-0.5036771,0.8710619,0.5246701,1.2545385,-1.5262295,-1.187282,-1.0142126,0.75294214,-1.1968595,-2.016264,-0.089113586,-0.70862144,0.42721227,1.7164133,-0.50310814,0.93911135,0.2655768,0.44380015,-1.0128752,0.8290373
1.39058,1.1758351,0.2889877,0.6765281,1.0356839,-0.5127152,-0.5431555,-0.059937846,-0.066791564,-0.5078313,-0.92220926,1.2574251,1.0995916,1.9262311,-0.96783376,0.5276965,-0.5070192,-0.25142777,-0.72650695,-1.2302374,0.9038557,-0.08763033,0.026041223,2.0964563,-0.09744221,1.5564594,0.38390505,-0.89706355,-1.4736058,0.86440843
1.567771,1.710834,-0.548601,-0.36666873,0.73646474,-1.0154403,0.01704134,-0.36182913,-1.7029673,0.49823973,-1.477644,-0.19130728,1.2856436,0.99006903,-0.4086277,0.9035082,0.7226478,-0.04736194,-1.2732127,-0.33865428,-0.8344587,-1.2546232,0.55039626,-0.256561,-0.005397737,0.6433073,0.8893378,0.17613375,-1.0728762,1.8746717
1.2637019,-0.90401644,-0.2016702,1.8359492,0.6812296,-0.32953668,0.3760019,1.0588614,0.7886331,-0.87374043,-1.229759,1.3142991,1.140983,0.43418786,0.032636896,0.4020543,0.731877,-0.974893,0.23325986,1.1766971,-0.2552027,0.29137892,-0.8132349,0.37630033,1.0391555,1.6214081,1.7945361,-1.0693312,-0.79093075,-0.2124435
1.2220027,0.5151365,0.4154914,1.0191274,0.46714693,-0.918291,0.49676585,-0.4106718,-0.7648182,0.4031805,-1.299226,0.74303025,0.76842046,2.1509812,-1.3263699,0.4224447,-0.17912924,-0.5727176,-0.44084716,0.03841354,0.927909,0.10246335,1.3615493,1.7567047,-1.0265808,0.8669467,0.69923806,-1.4029772,-0.8752475,1.3950857
-0.07567434,0.18539727,0.32124382,1.7684138,-0.20747247,-1.6214997,0.12539367,0.30953547,-0.27331567,-1.8731312,-0.8471099,1.0366334,0.83884394,0.26112062,-0.7576325,-0.37800092,0.4109646,1.3988004,-0.140549,-0.6901467,1.6815811,0.26966995,0.61552405,1.7360783,-0.50014645,-0.46847716,-1.2189052,1.6868453,-0.01645349,1.5408688
1.4150172,1.2457317,-0.12671556,0.13078842,0.82435465,-2.2387106,-0.8691087,-0.61662817,-0.16851465,0.34740758,-0.24200886,0.9096875,0.8693299,1.9450423,-1.3720121,-1.0883932,-0.2053445,-0.4994384,-0.46709684,-0.39230657,0.14177129,0.73345906,-1.4760274,2.3329804,0.07811892,0.8466226,-0.52712876,-0.3837243,-0.9462478,1.1943676
2.7150671,1.7305235,-0.10436812,0.5975838,1.2777579,-0.655554,-0.5863512,0.3548044,0.101068586,-1.7951558,-1.1094024,0.40944135,1.2479488,1.152994,-0.85085046,0.016933598,-0.64106107,-0.3475363,-0.32663727,-0.9293219,0.59566796,-0.14412609,-0.26760826,1.4178275,0.35686666,0.91902924,1.1338385,0.6498665,-1.5753412,-0.043564446
1.2038442,0.83402115,-0.59864664,0.53268397,0.1787323,-1.2963471,-1.014085,-1.0570209,-1.0876044,-0.197119,-0.73618764,2.2523634,2.4853003,0.7978122,-0.4921959,0.23896211,-0.11178236,0.64339715,-1.6910675,-0.63772213,0.107506916,0.22537307,-0.2855937,0.7618036,-0.75434095,0.5709574,1.5177945,-1.0570287,-0.7954025,0.7106654
2.3008394,0.453148,-0.90617895,-0.1716809,-0.15238196,-0.31385493,-1.0210327,-0.4478282,-1.145538,0.1152957,-1.3978658,1.0385592,-0.11238541,2.370285,0.3328197,1.3214724,-0.11227386,0.21050623,-0.41568375,-0.90960777,-0.3393072,-1.0152762,0.24234475,0.33006862,-0.44709456,0.6833025,1.1073264,0.3683262,-2.0654316,1.1317133
1.4644527,0.47616944,0.2972491,0.45163074,0.5531404,-1.7184643,0.19763876,-0.62506706,-1.4653335,0.029035501,-0.19682953,1.1221703,1.0987761,0.8930081,0.16858304,0.2501066,0.7736792,0.53957766,-1.8051026,-1.5257571,0.4500721,0.041199714,-0.045106515,1.7944528,-1.1020987,0.7697104,0.14068222,0.02895774,-0.61142385,2.2356243
1.4542977,1.3236492,-0.08497314,-0.45817474,0.91885394,-1.2776467,-0.068440646,-1.1674217,-1.2435894,-0.122371584,-1.4647691,-0.09466864,1.2909985,1.7144306,-0.4739524,0.79598147,0.16786276,-0.49233735,-0.8945136,-1.7004691,0.27690387,-0.017305464,-0.67795515,2.0461836,-0.37437078,1.4729542,1.4662563,0.7398754,-0.03409742,1.3084451
1.4043144,0.5826329,-0.26702556,0.653799,0.13626805,-1.2166722,-1.0309645,-0.62851495,-0.42854762,0.12874731,-0.90936226,1.2542257,1.6970531,1.7117412,-0.5468056,-0.080212995,0.1458172,1.8399988,-1.645847,-1.0209644,0.7449019,-0.50846916,0.053045504,1.2617761,0.052074015,0.7858523,0.06608072,0.18237463,-1.3912545,1.7499764
1.4373437,0.30446386,-1.5542134,0.62872183,-0.08108604,-1.9460944,-1.6528889,-0.48594669,-0.7832511,0.4282312,0.13062274,1.2747809,-0.068246275,2.3699343,-1.0884652,-0.39335275,0.4575038,0.33238462,-0.043964446,-0.48584893,1.218579,0.3731053,-0.39031854,1.2568148,0.24846894,1.3117477,-0.053750567,-0.2989242,-1.4165087,1.5523548
2.5189395,0.49506703,0.21712327,0.6002239,0.44763052,-1.3665196,-1.838156,-0.53397435,0.11319189,-0.82825387,-1.3075724,1.4879843,1.4192281,1.9555442,-0.7828728,0.7144314,0.4089759,0.24002032,-0.20502567,-0.9926653,0.2096836,0.52475435,-0.017984755,0.67541695,0.07501364,0.84615993,1.2084035,-1.0464978,-1.9843054,-0.04246248
1.5859725,0.5499751,-0.35887164,1.009582,1.1121377,0.56571203,0.1059417,1.1706275,-0.4116242,-0.8629426,-0.6847774,1.0663997,1.1310436,0.523906,-0.7518287,0.8533196,0.35117823,-0.10833152,-0.86641824,0.058486566,-0.22277334,-0.5993959,-0.7618719,1.0534236,1.3120537,0.54733205,0.00091265887,-0.058402322,-1.479123,1.4582198
1.7651682,1.6520196,0.5597166,0.36601594,0.27357125,-1.9235666,0.15078081,-0.8627191,-1.1754743,-0.6801137,-1.05604,0.7682147,1.3537672,0.9897723,-1.225474,-0.46044475,0.09431721,0.23912224,-0.6109709,-1.2491629,0.6951472,0.30186296,-0.20667437,2.308999,-0.65910804,0.29059342,-0.2911806,0.37252343,-0.38463607,1.6233057
1.3494109,0.22668876,0.37061247,0.8256899,-1.3783486,-1.1429694,-0.9586127,-1.2593848,-0.17466322,-0.26621237,-1.1880574,1.9780166,1.0691372,1.7149938,-1.0102172,0.4944026,-0.3460083,1.5038887,-0.842226,-0.8655677,0.6306532,0.403943,-0.33043784,2.5684886,-0.8969987,0.6567149,0.58157444,-0.28650144,0.8703424,0.82957387
1.197177,-0.28472316,0.33856413,0.11732872,0.8083289,-1.6119032,-0.16498667,0.09983471,-1.8090447,-0.8534226,-0.59212095,0.9134117,0.8965111,1.3622081,-0.48162168,1.286249,0.30477273,0.4604021,-0.4482075,0.3402423,1.2439353,-0.46726936,1.8013562,1.7316654,0.28591615,1.3942894,1.0057874,0.13285366,-0.8296689,1.4226449
0.9652139,1.3471931,-1.0020041,0.7627009,1.1105372,-0.5313065,-2.2403207,-0.7282257,-1.0417551,-0.64215964,-0.73176354,-1.0550051,0.9194221,1.9687991,0.47177818,0.29558432,-1.3304206,0.85530895,-0.96162784,-1.7182528,0.06495394,0.31839848,1.3947392,0.63718605,-0.04673715,-0.09125979,1.0846891,-0.051789343,-2.1761541,-0.3941695
0.62212753,0.050114825,-0.040044554,-0.55539036,0.760645,-0.7474092,-0.9832802,-0.7181671,-1.763253,0.49891576,0.27698708,-1.3493967,0.41262627,1.9630976,-0.4599907,-0.7742749,0.23310755,-0.2786833,-1.0921842,-1.9876547,-0.31784892,-1.3992492,1.121027,1.8111243,-0.56112146,-0.38819733,0.18029019,0.93015116,-1.4592505,0.39610517
0.7444082,-0.5547124,0.49283785,1.9586647,0.012261547,-1.025954,0.21112804,-0.37763616,0.09887096,-1.0183585,1.4457636,1.0401504,-0.20638199,1.8316388,-0.51416814,0.6912436,0.3746736,-0.97938883,-1.4952378,0.25633705,0.07530699,-0.6827021,-0.7841675,1.7866863,-0.23196223,2.2554595,0.71370775,-1.6716821,-1.0728815,0.123099916
1.8424145,0.058114123,0.48780715,1.7192415,-0.33815554,0.3459335,0.4235186,0.2752036,0.46416795,-0.45483264,-0.8332062,1.7566946,0.36806786,0.5573305,-0.48596862,0.906344,-0.20727433,0.07951447,0.19152212,1.2827582,-0.33651978,0.120924994,-0.6948678,1.8887237,-0.13131088,2.0727298,1.2855272,-1.812223,-0.22449796,0.5438076
1.7267197,0.39365295,0.86430156,1.5294117,0.3496013,-1.2377654,0.026188433,-0.3619841,0.16781808,-0.6255286,-1.401418,1.6096699,1.2599347,0.617476,-0.99685395,-0.1831627,-0.42877942,0.37651804,0.16722178,0.74371815,-0.1933108,0.7204478,-0.7932961,2.2701414,0.20685342,1.6586376,0.21689633,-1.1676421,-0.2886086,0.5210294
0.9959211,0.30999222,0.15847054,0.31474325,0.82411903,0.08570822,-0.05732637,0.5010519,0.33991957,0.88356054,-1.1934581,1.1396186,1.6020207,-0.21892938,0.6581907,1.7276732,0.060258165,-0.10467034,0.86244774,1.054863,1.0239574,1.2118677,-1.2965245,-0.3885654,-0.26948744,0.95024395,0.7327363,-0.531281,0.33688435,0.5557696
1.5733957,0.27470356,0.9301817,2.0186157,-0.21742761,-0.3724294,0.49256402,0.547281,0.67154646,-1.0056113,-1.2189114,1.5206155,0.334055,0.50407124,-0.8201349,0.80310714,-0.16234186,0.45255375,0.5886289,1.1240537,-0.23962212,-0.05311069,-0.072455525,1.9091517,-0.10445464,1.9536872,1.2649096,-1.2914789,-0.44338018,0.35101092
1.4851519,-0.2865973,-0.4859583,1.6086805,-0.4651202,0.03671778,0.027596802,1.0519615,-0.29433525,-1.1873409,-0.97945565,-0.6246199,0.806786,2.104699,-0.80348814,1.2104843,0.56457025,-0.29756898,-0.86311424,-0.20105025,-1.501018,-0.2509736,-0.028251797,0.6434086,-0.65031505,0.9683516,0.8136273,-1.5294998,-1.5958629,0.76470536
0.9126029,-0.8223168,0.15520936,1.2426226,0.655728,-0.24759263,0.3049683,-0.1700772,-0.097056895,-0.42311314,0.45236522,0.9643703,0.81431574,1.5504116,-0.83951783,1.1067177,0.926013,-0.70466,0.2896559,1.3994942,-0.7364189,-0.46522486,1.0859722,1.8453214,0.14957574,1.7097001,1.777863,-0.60422647,-0.4046353,0.5434035
0.6882088,0.40154594,-0.8173467,0.14188391,0.08497162,-1.4603179,-1.4343046,-0.5525749,-1.2120829,-0.5206325,-0.5087587,-0.26901454,1.2885401,1.9200062,-0.906186,-1.2035103,-1.4254481,0.67777175,-1.5566095,-2.252635,0.30466047,-0.7871801,0.8052785,2.06049,-1.1443486,0.48310915,0.39465532,0.5604766,-1.0704068,0.69166535
1.6584748,0.595367,-0.49335098,0.75650513,0.06480466,-0.8337435,-1.5480071,-1.2939391,-0.8620318,-1.0527426,-0.6926429,0.72443527,0.6337595,1.3420768,-1.1834451,-0.7524848,-1.6385696,1.2843854,-1.218726,-2.089498,-0.25265545,0.03058678,0.76824856,1.7518678,-0.62306744,1.3004547,0.67153764,0.432755,-1.1750368,0.5708197
2.5825849,-0.16676556,0.7805848,1.4311312,-0.10778712,-1.5385201,-0.41377068,-0.6523929,0.56829596,-0.83695334,-1.0414381,1.3273188,1.4227123,0.54473925,-0.665267,-0.08284946,-0.28775674,0.92560625,-0.8945893,0.11155599,-0.19864002,0.5545074,-0.03287112,2.1062083,-0.08003323,1.4083601,0.8184839,-0.6837482,0.18932909,0.7216488
1.4718449,0.012042049,0.023771752,0.6285686,0.71414894,-0.99356294,1.6287088,-0.45797443,0.1820922,0.63779527,-1.4462206,-0.19426249,1.7909803,-0.57178617,1.3092613,0.7649881,0.5186479,-1.0203606,-0.30524796,-0.3175257,-0.16952088,-1.033449,0.473958,1.5510037,-1.2680075,1.2265244,0.71722823,-0.22093701,1.543351,0.73524517
0.40404028,-0.04640272,0.1599581,1.3569795,-0.49115053,-1.4357017,0.546429,0.43614772,-1.4965217,1.4992782,-0.71083707,0.0008784868,0.233707,0.3068113,-0.787151,1.799738,0.33868593,0.1964015,-0.7323433,-0.19502306,0.2830292,0.2911238,-1.0084068,2.5821412,0.99660534,0.14253445,-0.95122933,0.21819788,-1.9518069,-1.9783612
0.93766236,1.2433122,-0.2539549,-0.3908346,0.6671766,-1.5074662,-1.8505435,-1.6180152,-0.22505385,-0.13324967,-1.4020212,0.37159693,0.87448466,1.3422384,0.9320791,1.9022565,0.72882605,0.04511686,0.0857732,-1.8823909,0.26965386,0.25784427,0.35658315,-0.7200464,1.314924,0.08601976,0.69219524,0.47728503,-1.7215004,0.5208015
0.81306624,0.8526635,0.17837365,1.6493242,0.21908951,-0.8085894,-0.820173,-0.55644315,-0.3754741,-2.7353399,-1.0321987,1.5899725,1.653986,0.85773146,0.18954575,1.3477455,-0.4378699,0.19000436,-0.14936724,-0.3821891,-0.19984192,0.17176001,-0.0072588623,1.4954115,-0.39673296,1.7451556,0.35647413,-0.540105,-1.0791936,-0.036481105
2.0536673,0.26306066,0.43596718,0.85232043,0.52179086,-1.491204,-1.3186804,-0.4894255,-0.053995766,0.31565335,-0.47489727,1.3484583,1.0823821,1.3992761,-1.0583365,-0.8137111,-0.72473055,0.018431466,-0.11928117,-0.4566841,1.060454,0.53605485,-0.9703778,2.4223614,-0.798894,1.2310307,-0.61555856,-1.9161663,-0.014887109,0.7428258
0.24403822,-0.65785044,0.07308811,1.7688382,0.5213351,-1.7971035,-0.7383691,-1.0485165,0.035409436,1.5348364,-1.7065518,1.5673544,1.0421817,1.5943972,0.5447222,1.0005934,0.36113834,0.25398004,0.05637686,-1.4442166,0.08732881,1.0603656,-0.68592894,0.39793983,1.4295404,0.7207731,0.07323877,-0.31083632,-0.60732317,1.4208353
2.5750089,-0.1464951,0.2786737,1.2046541,-0.108576134,-0.6583119,-1.3362906,0.6914532,0.5386349,-0.9457832,-1.2287321,1.1022949,1.3587104,1.2912439,-1.2458336,-0.034618214,-0.6209488,1.1403141,-1.3603538,-0.6899925,-1.1928388,0.81130135,-0.06797161,1.63185,-1.0717102,1.5192811,0.009595104,-1.3881297,-0.08674538,-0.2264004
-0.41473454,-0.41442356,0.1981511,0.73781705,-0.11120436,-1.4459559,-0.39104706,0.8680602,-0.45772135,-0.15948401,0.40106237,1.0433278,1.0175749,0.026235178,-0.5548079,0.67325246,0.46399164,-0.55315757,0.59776855,-0.16224082,0.18841165,-0.5314942,-0.08373323,0.3247071,-1.7209787,1.4273322,1.5814772,-1.0437495,-2.3251634,0.93729305
0.5369115,1.2787223,0.45060787,1.0936824,0.9561594,-0.29003876,0.6265269,1.1650262,0.28856492,0.30616075,-1.8700397,1.6059872,0.10039972,2.6742911,-0.99476194,1.031774,-0.7823744,-0.33139434,1.621459,1.0902587,-0.22826552,0.6503234,-0.36625308,0.71694374,-0.033087716,1.0393159,-0.23078763,-1.0900147,-2.2673156,1.2922494
0.97624606,1.0869138,-0.11544721,-0.10682577,-0.8267901,0.20404267,1.4052747,0.38560215,0.5324337,0.12932593,-1.6945937,1.0795951,0.454803,-1.0100286,1.2506009,-0.007160291,0.560812,0.32872403,1.4971142,0.7795499,0.012791559,-0.5295702,-0.3509697,-0.7779969,1.2154453,1.2286149,0.5529045,-0.16612652,0.038790435,1.0651666
2.9129493,0.3080659,0.3101863,1.010203,-0.3533313,0.32025415,-0.17638549,0.91326135,1.4897977,-1.3448484,-2.0557745,0.5357464,1.1443219,0.9449433,-0.76638544,0.053178042,-1.0970131,0.51943815,-0.2792695,-1.5797204,-0.09731766,0.67863333,-0.8424417,1.3322985,0.014735505,1.5557115,0.8081926,-1.4726014,-1.1192304,-0.56354487
1.3712372,1.3088641,-0.25295144,1.4229019,0.54215896,-1.6644274,-0.8520399,-0.2578467,0.2623067,-1.1353105,-0.66286236,0.27915305,1.6317506,1.5968685,-0.5212213,-0.9854875,0.40073645,0.3348716,-0.28582692,-0.75481397,0.25294706,0.9254946,-0.8329929,2.4455385,0.09361601,0.37584752,0.11102026,0.026536882,-1.9963726,0.92439926
1.1316458,-0.6902297,-0.28769413,0.87539613,0.99761575,-1.8366772,0.1390851,-0.29530984,-0.03194885,-1.1630946,0.3199549,0.5118419,0.7884102,1.3028255,-0.1763836,0.3542848,0.9593463,-0.51124924,-1.7884156,-0.42729646,-0.51883286,0.04710059,-0.49499917,1.4919283,-0.34071085,3.0256681,0.99418986,-0.03369581,-0.7954712,-0.60086644
-0.21305971,-0.028332848,0.32907152,-0.28356877,0.9994331,0.29751936,-1.3789794,-0.29046848,-0.1938456,-0.5720359,-1.8997717,-0.08979545,-0.11568539,-0.99528146,0.4742836,-1.4111933,0.8571402,0.3284131,0.90808713,-0.7564575,0.51426846,-0.7698645,1.8566334,-0.3869345,0.87061375,-1.4015921,-0.06938755,-0.66601914,1.7177181,-0.5145111
1.1438797,0.62181556,0.4671924,0.7473345,0.6407556,-0.07966069,0.69824374,0.9405874,-0.1833238,0.2509068,1.3433993,1.1656746,0.38289315,1.1987495,-0.03191284,2.0822897,-0.015933752,-0.7558623,0.85624135,1.4121782,0.396203,-0.65889484,0.24218446,1.8656577,0.24804735,1.2780217,0.84371895,-1.3386624,0.67242455,1.0063536
0.92518646,-0.89027977,0.7721999,1.0221132,0.6983416,0.4235744,-0.5637602,-1.3584034,-0.37360758,-1.4545486,-0.02135621,-0.054018542,-1.3813535,0.24008532,-2.3717659,0.06293387,-0.29746,0.77220887,-1.454535,-1.3151591,0.19030583,-1.5460839,1.931301,1.5533155,-0.41981494,1.2201977,1.1789067,0.48762602,-0.12414851,-0.5651231
2.0588033,-0.49023104,0.5588449,1.0368726,-0.011199381,0.76970637,0.2972225,0.68117774,0.4274934,0.5600519,-1.9858792,0.6966812,1.610056,1.5536922,-0.23496959,1.2708793,-0.80814296,0.31610087,-1.2253158,-0.16080336,0.58177674,-0.69014484,-0.1629806,0.9542775,-0.06697996,0.958828,2.2770648,-0.80686593,-0.6778413,0.25149718
1.4217116,0.62723744,0.6392123,0.44113702,0.45301563,0.9674041,-0.024806604,-0.6803465,-0.11581575,0.28208476,-1.8406982,1.6221695,1.5480198,-0.48559394,0.15256062,1.3971285,-1.095552,1.9426272,-0.003149107,0.0021657944,0.8919817,-0.22261173,0.5350672,0.6289607,-1.0925221,2.0083494,1.432689,-1.6838081,-1.2020956,-0.51506007
0.6645465,-0.598321,0.4041072,0.8955021,-0.48199537,-0.10584171,0.40789038,-0.31168497,-0.44691002,-0.7765694,-0.8413194,-0.4503106,1.8104738,1.1736352,0.4527745,-0.2604978,-0.3371746,0.20060669,-0.66828525,-1.563276,-1.0316529,0.027153134,-0.01278384,1.4558431,0.6754339,0.9526621,0.7832217,-1.895226,-2.6135433,1.2013483
0.036019713,-0.1963543,1.0625982,0.3110476,-0.37613285,-0.09080769,0.09510918,0.69503653,-0.6495291,0.42843285,-1.0370443,0.9069029,0.04631103,1.4742396,-0.07637909,-0.29219884,-0.49980038,-0.70861036,-2.271143,-2.1659946,0.08707499,-1.6657847,0.36048928,0.5198262,0.51183325,1.314291,1.8351786,0.07837406,-2.0598545,0.26214778
1.4394852,1.3787493,0.31631094,0.7795001,1.0431843,-2.072935,0.27240342,-0.5876513,0.21405686,-0.10082905,-0.8101444,0.8264088,0.4444425,1.1903937,-1.4685218,-0.38114995,-0.15779117,-0.79854226,0.7502364,-0.23112276,1.1818713,0.9354835,-0.7198027,1.8768384,-0.69609165,1.4689548,-0.35465863,-0.662046,-0.43686396,1.0810444
1.6487604,-0.028823402,-1.0458308,1.6699407,0.59212977,-0.2232984,-0.055177726,-0.383562,-1.141987,0.14925262,-0.8629473,-1.649885,-0.17220671,1.0204984,-0.10070589,0.6982798,-1.4696205,-0.119803846,-2.3058293,-0.42775112,-1.0719897,-0.28753096,-0.13006364,2.0089362,-0.35281345,1.0065764,1.553425,0.24237695,-0.9216063,1.351355
0.781488,0.47490835,-0.36709625,1.2294295,1.1354538,0.0130165145,-0.2892999,0.7667506,-1.168078,-1.5148312,1.4378684,0.22973731,0.19631276,2.0776598,-1.8042066,0.06422201,-1.1278248,-0.5101592,-0.8646039,0.23055342,-0.71497875,-0.7424252,0.93430346,1.4428768,-1.0478731,1.1425779,0.5794705,0.25352585,-1.2396604,0.76597846
0.8434477,-0.7917548,-0.8835039,1.0763608,0.4534392,-1.5270609,-0.8322179,0.41020387,-0.31534532,1.5255741,-1.2514093,0.25259852,1.6572908,1.3622369,1.5829846,-0.16292293,-1.0622524,-0.17173676,-1.316828,-1.6164814,-0.23081154,-0.8601253,1.2405266,1.1066084,-0.17970964,0.19181043,0.7758816,-0.34168392,-1.6093347,0.7796476
1.9617807,-0.78298604,0.7518567,0.49496707,-0.08543725,0.79305434,0.4998833,0.9305731,0.32490355,0.5786404,-1.6154506,0.47801632,0.6502943,1.3406513,0.12597176,1.2187716,0.38032132,0.68910515,-1.041974,-1.7479035,0.7730095,0.3856418,1.3543603,1.8269625,-0.429043,1.6868446,0.74969393,-1.516252,-1.5150506,0.07482539
0.64293724,0.28904477,0.34459668,0.65523684,-0.30005407,-0.59769356,-1.1044221,-0.0058509223,-1.4742572,0.033165462,-0.35297328,-0.7165604,2.569646,1.608514,-0.505129,0.5642771,-1.2901694,-0.5379503,-2.3242357,-1.2833649,-0.45144314,-1.0464889,0.3630933,0.7034515,-0.72967845,0.2939719,1.4334857,0.14782062,-1.6549503,0.899091
0.32422346,0.40806597,0.9761674,0.7193262,1.0765356,-0.9715215,-0.0362728,-1.1475141,-1.278725,-0.6480909,-0.6275474,1.0265449,0.76193213,1.0469667,-0.16121647,-0.19089456,-1.22698,0.2925535,-0.96909595,-1.6136497,-0.47767365,-0.26099682,0.7893135,1.2419317,-0.21080656,1.2757701,1.2484119,0.94759744,-1.8432618,1.5795475
1.5396949,0.47300503,-0.7221765,2.0815592,0.45523354,0.970701,-0.53573406,1.5556078,-0.3938673,-0.6724546,-0.9248155,-0.8148959,0.99012434,1.5830878,-0.95842946,-0.81267035,-1.3203256,0.083275385,-0.746256,-0.38399664,-0.43570203,0.12160407,0.38702178,0.73436546,0.38935304,0.14600979,1.7447746,-1.2351847,-2.4205785,0.93954253
1.8738191,1.2898821,0.95973384,-0.12847477,0.3693821,-1.5532438,-1.3554088,-1.0189843,-0.52784824,0.4547976,0.5668491,1.5039368,1.4390581,1.3281682,-0.32708263,0.9062375,1.144765,-0.18768382,-0.16858497,0.26532045,-0.45888168,0.782656,-0.2519972,2.555234,-0.19804406,0.10250962,0.74860936,-0.5372088,-0.054457203,0.74643415
0.5634463,-0.14121178,-0.0030444488,1.9514107,0.35946247,0.3748422,0.06039554,-0.14081188,0.64559305,-0.58019406,-0.15304363,1.2773241,-0.8024828,3.2362554,-1.0772544,0.028911144,-0.71293306,1.3220476,-1.5072765,-1.2576536,-0.4169733,0.46675998,0.34648988,2.4123611,-0.5495533,1.7498534,-0.13178724,-0.01398772,-1.3492821,0.35549384
1.6470729,0.08642831,1.2262554,-0.16857055,0.05004648,-1.8760734,-0.91860807,0.61147165,-0.99401313,-0.87717736,-0.61262536,1.0620408,0.05704704,1.0493586,0.3450906,1.2521906,-0.16137557,0.2292011,0.0789116,-0.041497543,0.32718334,-0.4110766,0.027035337,2.099047,0.7391662,1.4196551,0.7549051,-1.0530598,-0.7940221,0.8244049
1.3646634,0.7287847,1.2068847,1.2452041,-0.61256164,-0.10908903,0.6327934,1.2564156,0.11084847,-0.7136344,-2.237366,0.6289498,1.1754956,0.27772516,0.1619142,0.3005358,0.56124437,0.8074237,1.6889454,0.27865556,1.5290098,0.61172765,-0.8270097,0.49229985,0.13244796,0.8180429,-0.5824557,-0.30496922,-1.1823541,0.7292386
0.1722353,-0.15975715,0.7845195,1.2704057,0.3707839,-1.2665468,0.2874503,-0.20518242,0.6212968,1.0441267,-1.6480117,-0.23271899,-0.50816214,-1.4239887,-0.45974055,1.03853,0.96044767,1.8323041,0.8969097,0.43518227,0.8347054,-0.4888168,-1.4147089,0.48346135,-0.29659763,-0.03152883,0.6222376,1.0532875,0.13542157,1.0783182
3.1640058,1.2707404,0.5550913,-0.15513745,1.226934,-1.0255644,-1.061972,-0.21268927,-0.7301279,-0.80779624,-1.0035052,2.093525,1.8427825,1.1467175,-0.39388222,0.8432333,-0.31873354,0.1256685,-0.057664126,-0.37401935,0.022137508,-0.36371836,-0.21299672,-0.34749177,-0.023479104,1.6437792,0.8261579,-0.27350825,-1.1072478,-0.06544657
2.6057243,-0.87694675,0.8023167,1.5009842,0.03394764,0.27634192,0.20175512,1.1697996,0.88628906,-1.533412,-0.5489498,1.4501517,0.67428386,0.51065433,-0.00075794756,0.3889038,0.27835333,-0.023636749,-0.26996574,0.8278627,-0.18511564,0.3671093,-0.37850904,0.9738369,-0.6712788,1.7787176,1.7172939,-1.0423331,-0.62764716,-0.2533103
2.0033107,0.5883615,0.6863641,0.5828505,-0.061155178,-1.3409339,1.0598018,-0.6047395,-1.4364916,0.26531896,-1.7208047,2.2011015,1.0110389,0.12097287,0.37115636,-0.07590656,-0.83526105,0.5482117,-0.30379313,0.060761094,0.8592227,0.014819503,-0.81581783,1.3822606,-1.5334263,1.4237701,1.3772737,-0.39550835,-0.7738106,0.0194875
1.1963538,1.071866,-0.23332153,-0.020558178,1.0503807,-0.9464605,-0.36243883,1.9981976,0.5203726,0.83430976,-1.1431963,1.0804856,0.8993713,0.53648305,-0.23212393,-0.6957782,-0.40453672,0.30278328,-1.6676804,0.045753777,0.09155503,-1.8979044,-0.19560876,0.7483332,-0.12063503,1.7598369,1.5308545,0.18740314,-0.91819346,0.6731363
1.9317591,0.5843251,0.2560242,0.71043,-0.4169228,-1.1010971,1.1486161,0.5843902,-0.019026324,-0.27376997,-1.3744607,0.99926233,0.47272986,1.8554913,0.64478123,1.1113389,-0.8720134,1.220042,-0.4272825,-0.3917066,-0.04145106,-1.1593921,-0.75520164,1.3651474,-0.16311675,1.4013969,0.97101015,-0.56758434,-0.9553158,0.9837989
0.9621484,0.6388124,1.6999735,1.3981988,-0.5692811,-0.6330304,-0.6102131,-0.50443625,0.53010875,-0.15606543,-2.3178298,1.055615,0.22877663,0.023328885,-0.8827205,0.6636178,-0.4059673,-1.1223708,-0.6142428,0.022946253,0.61709857,0.8804733,-1.2139416,1.6175932,1.072202,1.0192429,0.31781185,-0.43367544,0.00816825,0.70760876
0.63168913,-0.4945467,-0.04935227,1.6403054,-0.71223336,-1.8461062,0.84351957,-0.6356578,0.5809119,1.5888125,-1.9560208,-0.1107623,0.6392141,-0.23684427,0.7132931,1.1997619,1.0663934,0.45012867,-0.51565045,0.9183955,0.14369729,0.88786346,-1.1298318,0.4874738,0.16755664,1.6659627,-1.1718506,-0.066225246,-0.095779255,-1.0356396
1.7023667,2.1992226,-0.17066488,0.0017515123,1.2386777,-0.64413905,-0.95452166,-0.2791512,-1.3073626,0.36275828,-1.2141161,-0.10892132,1.0565476,1.8807985,1.212148,0.14447904,-2.0487733,-0.24327864,-0.024818793,-0.83440423,0.27397442,0.02869539,-1.4840239,1.7570208,-0.72574294,0.58016795,0.13111709,-0.3475048,-1.2492632,1.1190827
1.3552583,1.4628258,1.3996923,0.5648016,0.12449496,-0.67256254,-0.8984036,-0.40001652,0.62852293,0.021730058,-0.27534366,0.6366635,1.4066691,1.3705932,-0.8609786,0.5950893,1.0291859,0.51674986,0.20739168,0.1346927,-0.40906066,0.02476558,-0.6009506,1.1780777,0.8141586,-0.21871284,1.481238,-1.7418628,-2.2723324,0.8874548
0.9963073,1.3714129,1.0250771,0.003660053,1.4330746,-0.78394294,-0.21177298,0.25739473,-1.2103311,-0.6144335,-0.075349525,-0.015514623,1.495289,0.6667104,-0.86641204,-2.0531366,-0.6018159,-1.5441678,0.77964044,-1.7591,-0.29353312,0.34478915,-0.4732287,1.2863221,-1.0736251,1.1739415,-0.11615362,0.49531353,0.261331,-0.44690076
1.5197701,1.5857292,0.38376206,0.1735757,-0.37021455,-0.53541774,-0.70466137,0.12498738,0.42602938,-0.31176314,-1.4727902,2.1315281,0.8701481,1.4443835,-0.9210613,-0.24861623,-0.6887455,-1.0073967,0.19549075,0.2210496,1.0146227,0.21824266,-1.4928071,1.008324,-0.37063992,1.4031662,1.1323935,-1.3330133,-1.0042715,-0.08415052
0.026359782,0.067203194,-0.37777695,1.2907498,-0.882864,-0.96668214,-0.8632018,0.28986347,-0.801814,-0.38993853,0.7628486,0.1538102,1.9993768,1.1604624,-0.90470636,-0.46908462,-1.0578256,-1.5667443,-0.54850566,-1.1515391,-0.3889224,-0.69727224,0.52265936,1.1436672,-0.9316067,1.006628,1.004965,0.047172993,-2.1587794,0.8193917
2.2048633,0.41538575,0.23210523,0.801803,-0.04492353,-1.1787052,-0.52798676,-0.1566589,0.18903898,-0.9258365,-1.0209937,-0.45430446,1.5263243,1.2825329,-1.2142253,-0.35924625,0.51983327,-0.10880022,-1.4708618,-0.39801133,-0.5749722,0.7469554,-0.59451276,1.6682597,-0.08700736,1.3173008,0.44806418,-1.5039008,-1.3304379,0.84159213
2.017323,0.57104206,0.5890382,1.1063113,-0.41274863,-0.8510848,-0.27663183,0.05602008,0.31215173,-0.3497309,-1.028389,1.866685,1.5068383,1.3586422,-1.1072639,-0.0926462,-0.18600996,0.61352736,-0.74670434,-0.585197,0.41831893,0.3675084,-0.9375623,1.7213197,0.21348366,1.858734,-0.5736347,-0.8740788,0.12135959,1.033766
1.7125496,0.38145757,0.41805255,-0.5891043,-0.17828819,-2.4513714,-1.6212077,-0.24913393,-0.13183354,0.93674695,-0.31494263,0.55959636,2.0558238,1.0710856,0.39149007,0.71801305,-0.4354642,-0.053430714,0.22574085,-1.0603484,0.23112357,-0.71578026,-0.3091097,0.6369578,0.56926143,1.0621685,-0.3406493,-0.3882614,0.19569376,1.0205432
1.6273941,0.6509917,0.20211418,1.139071,0.17437881,-1.5636795,-0.523615,-0.82488155,-0.32881737,-0.014930263,-0.35409197,1.5745996,0.26108548,1.702572,-1.4798818,-0.9781907,-0.7873017,0.18066266,0.050349772,-0.21083307,-0.938815,0.62726873,-0.4920705,1.7109461,0.6061876,2.0709534,0.90265507,-0.8268624,-1.3560708,0.49371362
0.97392684,1.2715039,-0.16735178,1.7196381,0.9633676,-1.4418875,-0.49528736,-0.8962732,-0.3539909,-0.22556248,0.08075886,0.8212132,0.70945364,1.7112944,-0.67984295,1.4464792,0.7399689,-0.6877973,0.36878678,0.544118,0.44034097,0.23803665,-0.64713204,2.764325,-0.0123355985,1.3445135,0.66899484,-0.39550075,-0.61881536,0.7667387
1.5692043,0.67107815,0.55691254,1.993271,-0.72346395,-0.5383116,0.2667691,-0.18414366,0.18177424,-0.7410782,-0.6445565,1.5721859,1.2489737,0.8184968,-0.58797175,0.3205148,0.7226127,0.27007508,1.3497053,1.5875274,-0.11042022,0.18697654,0.11993835,2.131506,-0.30544817,0.8534597,1.1519369,0.09690152,0.37879214,0.81562155
2.0509062,-0.24354348,-1.0773427,1.1840441,0.6691736,-0.95855796,-0.66728795,-0.6058843,-1.0773866,-0.26170954,-0.56084627,-0.1609931,1.2720935,2.419857,0.31438413,0.64347297,-0.10750509,0.4676218,-1.4507086,-1.1524236,0.40256956,-0.0011771023,0.61386055,1.5635321,0.03176698,0.4020396,1.9466773,-0.99414927,-1.8585002,0.9191916
1.2153187,0.42599508,0.32740307,0.46314248,-0.3568676,-0.7425262,-1.955487,-0.47857794,-0.40043217,0.42859682,-1.5079172,1.2169337,0.11257044,1.6027249,-0.9078208,1.5763825,0.51116353,0.6312772,-0.76401126,-1.2972975,0.83474934,-0.1535881,0.27164382,2.8315036,-0.7953067,0.86305547,0.41235873,-0.8755263,-0.6429254,-0.2584362
1.0347561,-0.27504784,-1.1020802,1.8523695,0.72826844,-0.750695,-0.27890044,-1.1971939,0.34719658,-0.64825016,-0.4804566,2.0030422,1.4209297,0.88671386,-0.11929132,0.32013214,0.9395511,0.19076501,-0.74768126,0.25228953,-0.6368797,0.38883692,-0.49758083,2.2168326,0.41296363,1.8868774,1.2019937,-1.2192495,-0.5071635,0.36725935
1.6508728,-0.1692104,0.030442547,1.6597862,-0.22305867,-1.0586784,-1.9025782,-1.4621819,0.36659348,-0.7911887,-1.5523925,1.7008274,1.1391176,1.3160259,-0.8558047,0.8676974,-0.83247644,1.15135,-1.2339752,-1.4295886,0.59981865,0.29897654,-0.97851336,0.7586533,0.27725273,0.46837604,0.93954843,-1.1260593,-1.0560478,0.75951093
1.225984,1.2038658,0.29801342,-0.19370914,0.6144449,-1.330254,0.3430537,0.87912446,-0.7767783,-0.12762469,-1.8172374,-0.38700312,2.1308203,0.7134912,0.35510606,-1.1381998,-0.76408833,-1.0467737,-0.108257525,-2.018553,0.36273214,-0.905366,-0.80458057,0.8753109,-1.3223968,0.37996572,0.066533655,1.6373432,0.08241087,0.6684305
0.018710434,-0.14374931,0.94060236,1.5473768,0.56762415,-0.36366984,-0.8222824,0.8763679,0.6757628,0.17950624,-0.23472747,-0.48361784,-0.60268074,-0.68668604,-1.3810209,0.03439819,1.1236967,1.5439433,1.096582,-1.4400125,-0.024263032,-1.6444739,-1.3930519,0.955969,0.31478238,0.61972827,1.4047517,-1.2109373,-1.7637266,0.92317516
1.6220858,1.2070272,-0.22951262,0.6528176,0.6755658,-1.012305,-1.7935737,0.0090545155,-0.8630554,-0.80837053,-0.21785292,0.8719709,1.1540718,1.2104864,-1.4531401,-1.3105502,-1.1150386,0.26053554,-1.4516644,-2.21517,-0.37288073,0.12858091,0.12292038,1.64379,-0.8488538,0.90162325,0.68325824,-0.7109142,-1.7749294,0.5418197
1.1563607,-0.5887059,-0.45302498,2.4195158,0.5472994,-0.9063184,-0.18645038,0.08444694,0.41657513,-0.9951679,-0.3251745,0.042160746,1.1272789,1.7408942,-0.18917522,-0.58246726,-0.4207304,-0.30627683,-1.08228,0.9550371,-1.4018537,-0.39892262,-0.4794293,1.9533035,-0.16044089,1.7678208,1.4764982,0.34806457,-0.38677225,0.28179055
1.2764443,0.62837064,-0.28335837,0.03258598,0.4957625,-2.0104477,-0.6719406,-0.19643289,-0.4228412,-0.74833465,-1.2000608,0.99875516,0.8603825,0.5113923,-0.8889185,0.04018528,1.078253,0.12514012,-1.5613389,-0.7864681,-0.16632438,0.4538495,0.0033649988,2.4192686,-0.83383656,1.7743801,0.35035363,0.8799209,-0.61439353,0.46587953
2.1422176,0.51459885,-0.083125785,1.585733,1.0555311,-0.7656692,-1.3558496,-0.17849784,-0.32228297,-1.0898975,-0.68705785,1.367382,0.6439217,0.6856681,-0.3980415,0.10083183,-1.5134252,1.057347,-0.8332274,-1.0799305,-0.4866373,-0.3396021,0.29561535,1.8058776,-0.3140301,1.0248376,1.7821897,0.8442563,-0.66988623,0.5893351
0.726973,0.2220705,-0.35039586,0.538892,0.4941475,-0.7526701,-0.77493477,-0.20733815,-1.130829,0.22924846,-0.36454898,0.14091524,1.6952451,2.1851268,-0.73319066,-0.18124403,-0.36817917,0.15413146,-1.7842183,-1.1591057,-0.3763082,-0.5612048,-0.38268793,2.167652,0.42021692,0.4609543,0.91135424,-0.26572046,-2.1948152,1.2075361
1.4604548,0.19229354,-0.64125174,-0.7266741,-0.15929699,-0.337942,-1.3661503,-0.9393974,-0.56923544,-0.10503519,-1.6842844,0.40852463,1.5289892,1.5370612,-1.4541976,0.9541934,-0.8318211,1.713262,-1.8678623,-0.9569017,0.13177896,-0.29720807,0.1316314,0.9610355,0.08933544,1.7523874,1.4982581,-0.1225981,-0.7005359,1.0064749
0.5778886,-0.11855869,-0.7836283,1.3892913,0.58102894,-1.0185015,-1.1424,-0.8376156,-0.3138958,-0.5070065,-0.7045649,-0.8602323,1.3153055,1.583952,-0.2303175,-0.14635403,0.00940223,1.0693407,-1.3437262,-1.0972648,-1.4998547,-1.8440658,0.91956097,1.4370441,-0.29808363,0.9912435,1.2102878,0.008217126,-1.6233307,-0.53067636
0.8273344,1.2008196,0.48629963,1.1600939,-0.84124553,-1.146269,-1.1064914,-0.22401421,-1.3801672,-1.0225971,-0.28823134,-0.06879348,1.2948087,0.81640077,-0.88676643,-1.3224185,-2.0846252,0.9202951,-1.305958,-1.0794351,-0.5531533,0.21629833,0.49757397,1.5039322,-1.2908607,0.82519495,0.8246973,-0.13387859,-1.2835826,1.0668861
1.9997116,0.6993058,-0.9041226,0.73583114,0.07748694,-1.0868654,-0.17339574,0.26129794,-1.0988071,-0.036709346,-1.8958311,-0.061950155,0.7544334,1.5328907,0.398428,-0.35091603,-0.8843562,1.991609,-1.4145397,-1.2410707,0.10283935,-0.25831038,0.40749574,1.9409087,-1.2481608,0.5858993,0.5010037,0.95239776,-0.7544606,1.2088705
0.83066034,0.042426735,0.008638546,2.165544,0.5311243,0.2197231,-1.0293279,0.33489102,0.16449757,-1.1791843,0.12315475,-0.6746603,0.48226553,1.7381727,-0.12020348,-0.5439858,-1.6115239,0.52098906,-2.0057998,-1.5060574,-0.380899,-1.0558786,0.7059109,1.6049352,-1.3786848,1.3427097,1.0886173,0.7529517,-2.0546572,0.21829428
1.9481655,0.13792849,-1.0947015,0.119335845,0.08213207,-0.5874494,-0.06710611,-1.3326956,0.516771,-1.961312,-0.0012623519,1.6603606,-0.22655015,0.91154516,-0.882347,0.58111405,-1.3198425,1.2286309,0.76570153,-1.7924145,1.1345766,0.6650792,-0.51438487,2.4505858,0.04400763,0.9535848,0.16057771,-0.5001216,-2.4075835,-0.023026593
1.1812538,0.23336181,0.9446706,1.6048435,-0.82245785,-0.6165559,-0.6074942,0.13926268,-0.33775815,-1.8620801,0.035178974,0.7552086,0.3429225,1.3592359,-1.4857641,-0.38462603,-0.54333454,-0.4738186,-1.17619,-1.8091035,-0.6223577,-0.8298806,0.6133835,1.2326232,-0.37799716,1.523666,0.6799813,-0.029821433,-1.6529373,0.79852647
2.2190182,1.1512624,-0.75740945,-0.08045116,0.25122133,0.11819891,-0.61193395,-0.55735755,-0.73606855,-0.768269,-0.88085955,0.6922173,-0.21745725,0.9994317,-0.47659662,-0.22921042,-1.4281907,0.6116751,-2.3563356,-1.4721193,-1.2103528,-1.4481825,0.83672917,1.1696835,-1.0021056,1.3913379,0.8267325,-0.18968038,-1.5349509,0.50948936
1.7907513,0.14581545,1.0494539,0.49921763,0.35862508,-2.7372794,0.11999081,-0.3307802,-0.8048268,-0.7818003,-0.21642676,0.87279737,1.059214,0.3793092,-0.5000991,-0.17973794,0.17954846,0.68752635,0.21596733,0.3577577,0.60885155,0.76272625,0.07959907,2.8503935,-0.41130665,1.8537728,0.16455962,0.50911,-0.84984803,0.09113787
1.1677057,0.8269108,0.09548667,0.6202074,-0.016332384,-1.5977051,-0.86764765,-0.86136025,-0.7910579,-0.71825355,-0.47738612,0.5554037,1.7206798,1.9211664,-0.767431,-1.0305463,-0.9193525,-0.50980973,-1.6980143,-1.2701151,-0.3539433,-0.79038775,-0.6091351,1.9745255,-0.7813091,-0.004750818,0.82173455,-0.002674073,-0.8738332,0.80947876
0.46134952,1.1436803,0.14108428,1.0248562,-0.30196086,-1.2118092,0.15363617,-0.1700177,-0.33844277,0.20954844,-1.0067341,0.9220689,1.5495027,1.1964172,-1.0368856,-1.6229869,-2.072168,0.92234457,-0.78260446,-0.18676323,0.48148945,0.00045119226,-0.059308767,1.9574312,-1.9051571,1.2674462,-0.082392044,0.71589565,-0.49245837,1.1446221
1.7961389,-0.18841395,-0.95974684,-0.25213304,0.46678665,-0.85947275,0.2744928,-0.26522067,0.41330916,0.5644838,-0.93360376,-1.123338,0.11262484,-0.23995683,-0.38701838,0.7084389,0.8675755,1.2333661,-0.08634659,1.155974,0.3894282,1.1090939,-0.8921335,0.082268134,-0.5815884,0.11095851,0.3462584,0.7431099,0.124459,1.0201712
1.0916984,-0.7520036,-0.9852062,-1.1542964,1.3925258,0.31972426,0.07397124,-1.0682142,0.2726277,-1.8727013,0.63877493,0.59275484,-0.843499,-0.5588378,-1.4705038,0.61314374,-0.7321067,-0.12008874,-0.052272066,-0.19536398,-0.4671979,-1.7677108,0.26873672,1.8801048,-0.27899188,-1.4020443,-0.3681766,-0.09350744,-1.2232423,0.03829563
0.410349,-0.12888049,0.16349545,0.2959012,0.13713166,-0.33262256,-0.23542488,-0.14329773,-0.34034055,-0.23800278,-0.40513948,0.119505174,0.3901329,0.20737657,-0.12151293,0.27506328,0.3007741,-0.0023029046,-0.005021453,-0.40654886,0.09185797,-0.2536397,0.16404796,0.68095946,0.027579367,0.53077614,0.17080574,-0.105220206,-0.24208522,0.29245815
0.410349,-0.12888049,0.16349545,0.2959012,0.13713166,-0.33262256,-0.23542488,-0.14329773,-0.34034055,-0.23800278,-0.40513948,0.119505174,0.3901329,0.20737657,-0.12151293,0.27506328,0.3007741,-0.0023029046,-0.005021453,-0.40654886,0.09185797,-0.2536397,0.16404796,0.68095946,0.027579367,0.53077614,0.17080574,-0.105220206,-0.24208522,0.29245815
0.18283424,0.42984545,0.8741247,-0.20585,-1.1423284,-1.8349466,-1.1871469,-1.0396689,0.17361139,0.089300744,-0.27949598,-0.93404347,-0.22060616,1.1029924,-0.62964547,-0.9749345,0.9435991,-0.9987849,-1.4956831,0.87916934,0.124608636,0.19576068,-0.9466593,2.2532296,-0.044276357,0.40615082,-0.08742625,-1.5542774,-0.6859945,0.53561234
1.1896133,-1.6133443,0.51054364,1.143994,0.082440645,0.67342114,-1.4184908,0.85529333,0.29398274,-0.7570752,-1.4105117,0.19438659,-0.39110416,-0.5166285,-0.9421184,0.79071635,-0.24251789,-0.3518645,-0.5221332,-1.1814265,-1.4305043,1.0792199,-0.4016368,1.4022651,1.4239788,0.7374786,1.3557959,0.23780388,-0.110747784,0.96741927
0.4248255,-0.47620332,-0.50891674,-0.47321507,-0.051681526,-1.7894312,-0.24335723,1.2794075,-0.06882158,0.31616426,1.055096,-1.6162152,0.4696964,0.68526757,0.24254814,0.16497995,1.3222861,-0.047015388,0.6995162,-0.32235354,-0.7172145,0.048851624,1.4952071,0.9302945,0.49791962,-0.8285736,-0.8247564,0.20198667,0.02341026,0.6201245
-0.7728879,0.33382517,0.26933345,-0.2100054,-1.3578458,-2.4281085,-0.15412906,-0.19144453,-0.14706591,-0.7149073,0.705581,-0.35250157,-0.63397676,0.5417799,-0.13489045,0.32790518,1.3140876,-1.516014,0.41154358,-1.4727784,-0.4285375,0.9664692,0.29565418,0.27953774,0.44284087,-1.0433165,-0.5331531,-0.67942154,-1.0485173,0.47941682
-1.0112568,-0.25965697,0.081217974,0.36751875,0.36320657,0.9813069,-1.2259064,-0.33522868,-1.4757562,-0.7458632,1.4245732,-0.7865324,0.54151213,1.6124148,-1.8117275,-0.9889532,-1.3807496,0.56803054,-1.7523643,-1.2061223,-0.18236375,-0.6699789,1.7351472,1.0902855,-1.1446353,1.4787171,0.96508294,1.0697892,-0.9663328,-0.5913268
1.9580889,1.1974518,0.5659595,1.2821326,-0.73543423,0.022609964,1.4962981,-0.9923466,-0.38125467,0.3036158,-1.3339825,1.4692993,0.071593225,-0.9652816,-0.27688348,0.47779894,-1.6250973,1.6508077,0.5494034,1.5587505,0.42858222,-0.14495191,-0.5504831,0.09440838,-0.52108264,2.4260187,1.1401228,-1.3781769,-1.1789048,0.1432267
2.017614,0.5582797,0.7223717,0.6032475,-0.7655153,1.0196395,-0.8588474,0.49617898,0.22518457,-0.9390549,-1.348916,-0.060992695,0.40965635,0.72298235,0.30541682,-0.34692574,-1.1664605,0.7233294,-0.6955514,-0.120645106,-0.37126756,0.22226857,-1.3763757,1.8163855,-0.5678301,1.399338,-0.7489477,-2.4813268,-0.96086633,0.35085863
1.3558539,0.9602146,0.068377405,-0.23676643,0.56109834,-1.0658941,0.5267002,1.0003655,-0.96655196,0.17567962,-2.2089107,-0.39098173,1.2580749,1.0675521,0.698781,-0.8915401,-0.48111236,-0.39337236,-1.0213952,-1.803413,0.35343847,-1.6413916,-0.6800396,1.2056429,-0.92589533,0.04937067,0.32391995,1.7840462,-0.012891918,1.3288136
1.7201334,1.2119675,1.6140862,0.43307376,1.2135607,-0.5653408,-0.7763821,-0.105932534,0.2909441,0.326062,-1.9224846,1.0416503,1.8706868,0.4563799,-0.3405635,1.0842869,1.1747048,0.5543504,0.006735295,-0.82763475,-0.051744126,0.017191485,-0.50533396,0.5372721,-0.47838196,1.102009,0.994228,-0.13599259,-0.10776557,-0.025854465
0.8905287,-0.096312985,0.78515965,0.50134,0.61552244,-2.2732055,-0.08786758,0.6483894,-0.473459,-0.08193139,-0.3054117,1.9966886,0.84764993,-0.4379789,0.8759773,0.4982242,0.8928492,0.028872587,1.1567119,-0.019409642,1.3876829,0.13220043,0.68366426,1.7180492,-0.26298812,1.5865548,0.14325008,-0.7015712,-0.06608641,0.32190192
1.680767,0.6853673,1.2950984,0.63007224,-0.96237403,0.018290497,-0.736897,-0.065344274,-0.49885476,0.23065156,-0.7021301,1.0181415,0.3284256,-0.72604203,0.70550513,1.4421757,0.8099295,0.41003126,1.0233243,0.23366693,0.86478585,-0.05917836,-1.1007198,1.3513043,-0.8506136,1.0062016,-0.5603034,-0.1493261,1.0084088,0.3526495
0.40421218,0.19346146,1.2096426,1.0654782,0.5397888,-2.4218547,-0.37601846,-0.7524683,0.23716931,1.4496737,-0.8361042,1.1131532,0.07312083,0.043460786,-1.4497708,0.6256091,1.028127,0.98664033,0.7423583,0.2823979,-0.6043272,0.088584885,-1.1129899,1.7622983,0.12612095,0.323727,-0.3969957,0.22141296,0.32214126,0.9409486
1.2205937,-0.25450957,1.2048684,0.14728865,0.15898007,0.177573,1.5987529,1.2200089,0.20876949,-0.7099267,-0.7796473,0.70454484,0.7010695,-0.9746227,0.5006634,-0.78292274,1.1707091,-0.17256968,0.6715815,-0.12649596,0.23421285,1.4225318,-0.06763303,1.0138302,0.6447798,1.2310224,0.77248573,-1.8468738,-1.9103293,0.7119647
0.46704233,0.37241563,1.22168,-0.36521164,0.760447,-0.19983116,0.3009755,0.07841825,-0.010665998,-0.8201099,-0.53649986,0.85002774,-0.6248735,-0.43053475,-1.3719815,0.06986523,-0.07102491,-0.69568676,1.473386,0.091967046,-0.09612552,-0.032794505,-1.562638,1.8915863,0.41231126,0.42491466,-0.5915348,-1.1447556,-0.26089495,0.67820543
0.6523903,-0.39374593,0.5012466,1.761018,0.50188786,-1.5564376,0.008403942,-0.5103932,0.5052333,-0.33233976,-0.87946546,0.46124905,1.2276341,0.6394931,-0.8311349,-0.09458156,1.480681,-1.0186961,0.025916293,0.7595356,-0.40220428,0.7664577,-0.7562948,2.2193832,-0.18575105,1.1728853,0.453061,1.04317,1.4525635,-0.025835223
0.5405083,-0.43481746,1.7836008,0.43317938,-0.025864575,1.4005692,0.45635438,0.5584878,0.14298235,-0.6338022,-1.8259022,0.55706483,1.5249392,-0.7265527,-0.08952695,0.04125887,0.3949209,0.517269,-0.18537778,0.0905164,1.651264,0.15764602,0.99644244,0.45426422,0.8819894,0.8648077,0.6455105,-0.5862119,0.1428006,0.07956064
0.78669983,-1.3426727,0.6577078,1.6822313,0.9081073,0.45571372,-1.1593598,1.4368182,0.83202314,-0.046118096,-1.5031066,0.60646135,0.705011,-0.8493968,0.7068453,1.043732,-1.0054893,-0.73580235,-0.5168717,-0.37295246,-0.40057552,0.7232458,0.1323871,0.79688907,0.44048917,0.9787204,1.329952,0.24911773,0.088442355,0.6206601
-1.5040954,-0.07996009,1.5466172,-0.11221364,0.16181266,-0.3145605,0.52646965,-0.43747416,-0.18541849,-0.5294539,-0.38909826,1.1468618,-0.41555834,0.2910467,-0.19590038,0.41610414,1.3624667,-1.6938865,0.72798276,1.011551,0.15447314,0.21490268,0.2238041,0.8116865,1.4234977,0.15000945,-0.55337405,-0.94040096,1.3887665,-0.4413324
-0.8157297,0.5066279,0.3126022,1.3301141,0.63074964,-1.3020447,1.70229,1.4495459,1.1326425,-0.59904015,-1.0807564,2.1174946,-0.17994107,0.051639125,-0.19620517,1.1903111,-0.15713617,-0.11644393,1.2618163,1.0219475,-0.46242237,0.5209838,-0.5307808,0.9953655,-0.2959596,1.7936074,0.5716598,-1.1950266,-0.44536507,0.5095356
1.0771879,-0.12886217,0.29741162,0.028216079,-1.2506442,-0.32543558,0.6584227,-0.2907026,-0.82182527,1.2474307,-2.5894847,0.2834779,0.6452607,0.061484545,1.350322,0.35456952,-0.5119212,0.972971,-0.54651165,-1.1602932,-0.50369483,-1.4632423,-0.47834092,0.025355995,0.15415543,1.0922256,0.39954814,-0.047661647,-0.38293552,1.4689761
1.2052563,-0.14537382,-0.77425146,0.23303387,0.52115995,-0.5620126,0.3700056,0.15561551,-1.0782104,0.89521855,-1.7340212,-1.2738637,1.0691538,1.2872095,1.635847,-0.15393572,-0.9150264,0.5365247,-1.5751995,-1.2009323,-0.7569001,-1.8117105,0.26394397,0.9623115,-1.065685,-0.81085145,1.0218204,0.47481078,-0.06326181,1.1038104
0.77368414,-0.08943969,1.0671113,-1.9393696,1.7763453,0.057659082,0.09422831,-1.0359453,-0.027933963,-0.57372344,-0.83217746,-0.29302835,1.3035393,-0.10488376,-1.181147,-0.8739515,0.17619173,-1.068023,1.3470058,-1.0558647,0.5479668,-0.28079805,-0.09172782,0.86867356,-0.59419084,1.0114281,-0.37004173,1.5866346,0.92981863,-0.68656087
0.7033705,0.2851187,-1.1365992,0.31957033,-0.35769087,-0.88006264,-1.1761001,-0.9741271,-1.4219494,0.043665476,0.28111064,1.018965,0.5591276,1.1229393,-1.0844641,-2.217969,-0.39483786,0.80792534,-1.6984663,-1.1926599,0.026503988,-0.23359054,0.37960383,1.3093716,-0.08528732,1.2371513,0.8676149,-0.6916354,-0.44166625,1.4636737
0.3943646,-1.4644133,-0.6159252,1.9249998,-0.19184375,-1.2680517,-1.0744044,-1.5385675,-0.4527741,-0.93018585,-0.38986105,1.3826294,-0.31702542,2.0837686,-1.044076,0.3774085,-0.48728877,-0.056533597,-0.61621153,-1.2122067,-0.3252879,0.31479657,-0.24531251,0.96490777,0.3412879,1.864002,0.62348205,-0.04187271,-0.35608637,0.8678142
0.97458583,-0.09200819,0.16924848,1.0582783,1.2359341,-0.2279048,-0.33348715,-0.81112856,-0.80675286,-1.4631808,-0.96970946,1.2980802,1.7579359,0.42977887,-1.4801179,-0.25805736,-0.4937653,-0.6012256,0.39031073,-0.76898956,1.6666621,-0.10495913,-0.9485881,2.666554,0.2401281,0.5847612,-0.22575793,-0.63560903,-0.1779468,0.66820997
2.1390526,0.3124356,0.17205073,1.4376835,-0.30382058,-0.18014486,0.3456651,0.39918193,-1.0215995,-0.9817508,-1.0720708,-0.06985105,0.47119325,0.8234086,-1.6307553,-0.5672657,-0.035705566,-0.37076026,-1.0338719,-0.65373456,0.30033004,-0.5695793,1.7986445,1.1130779,-0.14620218,1.1851877,1.2278411,-1.1724691,-1.057161,0.52922714
1.271871,-0.019299973,-0.15185405,1.4463563,0.9712294,-0.3927611,-0.21680872,-0.28288954,-1.3302968,-0.65932995,0.02691361,-0.135826,1.7578204,0.9053587,0.0030465126,0.77595687,0.6462174,-0.8725397,-1.6215312,-0.15692045,-0.5953836,0.027750269,0.9584881,1.6691312,0.304125,1.1866539,2.3018827,-0.555573,-1.2675486,0.67021763
2.177483,0.58586264,-0.52208567,0.5162083,0.29253042,-0.96237326,-1.4383603,-0.77288884,-0.9155895,-0.72481346,0.22057329,0.30428845,0.47257018,2.0932803,-0.91380525,-0.51063913,-1.158964,0.960913,-2.0949283,-1.2370161,-0.41773748,-1.122789,1.4064684,1.3008577,-0.4155231,0.30735493,0.7457027,-0.42771393,-1.1086879,0.62452006
1.1161115,-0.8171601,0.6281733,0.7687042,0.70961446,-0.9106458,-0.3201856,0.61093783,-0.2773354,-0.539149,-0.3983597,0.73075503,0.41881055,0.2979368,0.5504792,0.1609828,0.004773602,-0.5718379,-2.0697246,0.19755018,-0.22909454,0.56847847,0.65935516,2.11983,0.23365498,1.9293857,2.291222,-0.9917764,-0.3601824,-0.4669841
0.28339046,0.09155385,0.7415663,0.6719314,-0.92343295,-1.4534912,-1.6274967,-1.3480431,-1.6302348,0.2694068,0.4200722,0.8392593,0.7110912,1.4625622,-1.1839947,-1.9821582,-0.361152,-0.43983826,-1.0090811,-1.1833191,-0.26232675,-0.27928382,0.69612575,1.6725634,-0.9333554,1.1125233,0.532295,-1.1662929,-1.0278114,0.38560995
1.4068019,0.14525315,0.4794351,2.5156512,-0.31437922,-0.75093704,-0.10960493,-0.4900076,-0.15738717,-0.46603924,-0.9773268,0.95191735,0.048833773,0.8033645,-2.7812262,1.0375808,-0.18480268,0.5134753,-1.4933299,0.07859096,2.160415,0.053655386,-0.01953423,1.5695101,-0.32186726,0.8703779,0.7799574,0.7217376,-0.35964748,0.35521147
1.3655517,-1.0942618,-1.6349486,0.71799594,1.0393882,-0.9884319,-1.612619,-2.0548956,0.74655706,-0.67153513,-0.41250566,0.8826287,0.5896586,1.4710844,-1.4332056,-0.20521922,-0.25238252,0.5633053,-0.7323761,-1.0267897,0.60049033,0.57451403,-0.3642111,2.3675542,1.1772964,0.45560372,0.39837515,-0.24777037,-1.4377666,0.43238515
1.2343476,-0.54856604,-0.20815854,1.1115481,-0.099593624,0.18107048,-0.6791255,0.0011984631,-0.5479899,-0.99096465,0.27027053,-0.7759217,1.3276469,0.86744165,0.9321588,-0.040085778,-0.6818553,-0.2653392,-1.7694805,-1.3736643,-0.49791622,-0.8900778,1.4723502,1.5193092,-1.8223884,1.45548,1.1934581,-0.14136076,-1.1674625,0.55994034
1.6778963,0.06999722,-1.5050257,1.0582212,1.6862931,-1.2843331,-0.94508016,-1.3651637,-0.44613653,-1.3957865,-0.43089452,0.45266813,0.6510315,1.0599118,-0.9298121,0.22446625,-0.2605278,0.4091435,-1.6906482,-0.2254421,-0.7249333,-0.23967567,-0.16374026,1.7571123,0.48002797,1.4888966,0.91732377,-0.10830344,-1.352863,0.8804553
-0.3638063,-0.34164545,0.15526776,1.9501673,-0.2023957,-0.81077963,0.39878494,-0.9132655,-0.018085599,-1.55846,0.43708223,0.8488406,1.2286735,0.8692001,-0.094793886,-0.33157194,0.096815154,-0.1508596,-1.2406032,-0.37942672,-0.8056695,-1.2679958,0.23636681,1.5586886,-0.6859418,2.4000185,1.3356488,0.48691815,-0.87845016,0.38091972
1.4067292,0.5476767,-1.094049,-0.11882943,0.7956522,-0.8318769,-2.365412,-1.4421957,-1.6040343,-0.72512704,-0.2606589,-0.5746044,0.7970631,2.0227506,-0.14021763,-0.33541417,-0.4224726,1.1098686,-2.0125418,-2.306798,0.070719644,-0.4308387,1.1793152,0.42146564,0.0059368163,0.05596491,1.005553,0.36873692,-1.5773964,0.7542942
2.2858765,-0.8339686,-1.3140429,2.4672399,1.2095007,0.052066945,-1.6536715,-0.60644835,0.31874192,-0.5758779,-0.22107184,0.028075567,-0.06524372,1.998949,-0.49825493,-1.2670262,-1.470228,0.013193557,-0.9717964,-1.1679088,0.09676173,0.21771859,0.30267426,2.2671778,-0.08524044,0.4540107,0.9570943,-0.13430862,-1.921027,0.2567378
2.7855217,0.27266076,-0.4587194,0.8907025,-0.016336542,0.35771933,-0.73756605,0.66631675,1.196982,0.3072531,-1.8989744,-0.72943467,0.88556665,1.1350585,-1.0071449,-0.042628437,-0.2496925,2.4177186,-0.3461036,-0.9274088,0.16234547,-0.15479492,-0.0069757663,0.65951926,-1.5775709,0.8459084,0.75458366,-0.51933634,-1.4999864,0.8429331
0.95204765,-1.1359695,1.2691016,-0.66595304,0.023367722,1.0117953,-0.2670512,-1.3016113,-0.52971315,-1.5075318,-0.62851477,-0.49835747,-0.03226967,0.10985938,-1.1637797,-0.69834745,-0.3478415,0.31919318,-1.8725756,-1.9128835,0.8079883,-0.8564769,1.9476054,1.4970102,-0.38233823,0.95173323,1.8951613,0.028472662,-0.9075378,0.05911588
1.4771739,-0.32151166,-1.0229906,1.1776891,0.87966365,-0.7635757,-0.47214985,0.6069067,-1.0278933,-1.1157093,-0.12016258,-1.0496379,-0.20459746,-0.08740395,-0.14031957,-0.60676885,-0.55030566,0.20488165,-1.5515642,1.0385576,-0.69067204,0.0007442683,0.2152468,2.1804147,-1.4391851,0.61564744,1.7796109,-0.34256148,-1.4329085,1.0130848
0.50360185,-0.98251945,0.5206694,0.21764329,1.525929,-1.1497093,-0.1824523,-0.56022406,-0.416205,-1.786496,0.68345094,0.31536686,-1.155486,0.07706013,-1.3247461,0.4307738,0.62700075,1.498423,0.76028466,0.63920134,0.17576206,-2.7385104,1.2681717,2.0084424,-1.0050513,1.0547966,0.38218525,0.3095019,-1.1192915,0.0641256
1.3674204,-0.1744597,-1.6514276,0.8783375,1.889951,0.92247057,-0.7993499,-0.19087338,0.5501516,-0.19075744,-0.07371895,-0.26990688,0.20406637,0.5355592,0.12482622,-0.3408277,-1.3924127,0.96650815,-0.58837855,0.09974778,-0.7766849,-1.9088489,0.0998512,2.6445866,-1.3926218,-0.008704856,0.7798638,-0.018516473,-1.8819977,0.40151823
0.48753583,-0.9414872,-0.7265246,2.1338239,0.4772357,-0.6481199,-0.23607948,-0.793605,0.5655328,-2.7856996,-0.42933342,-0.7212277,0.124754846,1.5578645,-0.20502296,0.50281245,0.17688145,-0.69792485,-1.2656518,0.13763487,-0.4678148,-0.966756,0.14090092,1.5520157,-0.9793837,2.0604935,-0.16341114,0.54435086,-1.239586,-0.1274686
1.2321573,1.2606009,0.78362894,1.7433246,-1.3700306,-0.071002476,0.35598433,0.28136593,-0.9279844,-0.80088335,-0.7343977,0.8487317,1.1744512,0.3636557,-0.72380865,0.5807523,-0.91178495,0.44284227,0.9228718,0.23127288,-0.15079936,-0.41451323,0.7893721,1.7722741,-0.6656656,2.091758,0.26944268,-0.7472092,-0.24782568,0.4257165
0.5570125,1.0457841,-1.7955896,0.29982525,-0.17231229,-0.31663296,1.0185791,0.32138667,-0.120614834,0.44231078,-1.3670146,0.88238764,1.677218,-0.9204856,0.10980326,0.7286954,1.2269012,-0.41216502,0.51302826,0.95185375,-0.06928105,-1.1474856,-0.7758134,1.0791429,-0.5076332,0.7738131,0.77314126,1.4194696,0.7259309,0.32143062
1.7290365,-0.5065628,0.4648075,0.22289772,-0.5894695,-0.7737122,-0.77446055,-0.68939537,-1.2992045,-0.06766851,-1.4245856,0.5613092,0.14158574,-0.016746014,-0.9837867,-0.8941093,-0.05372937,1.2190948,-1.2023199,-1.2581109,0.4791719,-1.0137421,1.3116677,2.3438597,0.40411556,1.244226,0.10597683,0.88852566,-0.38128403,-2.0278065
0.37059778,-0.98686296,-1.0698916,1.6886232,-0.062221296,-0.9714648,-0.043738976,-0.38862735,-0.3584515,-0.30911186,0.5451237,0.13614705,0.15975347,2.0245173,0.17757809,0.73342824,0.7220947,0.8097934,-0.42000097,-0.87754214,-1.2183561,-1.2300229,-1.0260293,1.750726,-1.0312777,1.2377151,1.81433,0.04344012,0.17433026,0.9242035
1.6123781,-0.37498385,0.9344374,2.2241154,0.36442295,-0.62969375,-1.4955127,-0.40857714,0.28560692,-0.7846297,-0.29727134,1.4365985,-0.2651617,1.9466559,-1.6382643,0.00806056,-1.4764208,0.99452204,-1.74419,-0.68052506,0.23839739,-0.9781247,0.01141876,0.475887,-0.18461268,1.5107758,2.0368407,-0.12661982,-0.11725128,-0.24135622
1.8710293,-1.2942306,0.2665883,1.530049,0.05539517,-0.09200958,-0.59248376,-0.49192086,-1.1255114,-1.0402734,-0.52788913,0.31961292,-0.7021997,1.0990707,-0.3663357,0.8722001,-0.66614693,0.6675173,-1.476607,-0.71847814,-1.850388,0.159261,-0.74288577,0.7449778,0.37439346,1.6306796,1.5882741,0.71874076,0.15341076,1.2985564
-0.7351351,0.058797754,-0.2806894,-0.7714112,-0.02472197,0.71604437,-0.3241344,0.12287706,-1.8015397,-0.28796664,0.45774865,-0.5437101,0.2826615,2.1765065,-1.4755737,-1.0229845,-0.8697525,0.6295852,-2.5281487,-1.383097,-0.05539956,-1.8226786,1.1282555,0.9893085,-0.7465108,1.8171222,1.4037546,1.3322146,-0.63509995,0.12552288
0.410349,-0.12888049,0.16349545,0.2959012,0.13713166,-0.33262256,-0.23542488,-0.14329773,-0.34034055,-0.23800278,-0.40513948,0.119505174,0.3901329,0.20737657,-0.12151293,0.27506328,0.3007741,-0.0023029046,-0.005021453,-0.40654886,0.09185797,-0.2536397,0.16404796,0.68095946,0.027579367,0.53077614,0.17080574,-0.105220206,-0.24208522,0.29245815
0.410349,-0.12888049,0.16349545,0.2959012,0.13713166,-0.33262256,-0.23542488,-0.14329773,-0.34034055,-0.23800278,-0.40513948,0.119505174,0.3901329,0.20737657,-0.12151293,0.27506328,0.3007741,-0.0023029046,-0.005021453,-0.40654886,0.09185797,-0.2536397,0.16404796,0.68095946,0.027579367,0.53077614,0.17080574,-0.105220206,-0.24208522,0.29245815
0.410349,-0.12888049,0.16349545,0.2959012,0.13713166,-0.33262256,-0.23542488,-0.14329773,-0.34034055,-0.23800278,-0.40513948,0.119505174,0.3901329,0.20737657,-0.12151293,0.27506328,0.3007741,-0.0023029046,-0.005021453,-0.40654886,0.09185797,-0.2536397,0.16404796,0.68095946,0.027579367,0.53077614,0.17080574,-0.105220206,-0.24208522,0.29245815
0.5909152,0.7738812,-2.176315,2.0186536,0.49590686,-0.4192477,-1.6135775,-0.5655279,-1.5671289,-1.2402343,1.480504,0.10502823,0.31188864,2.528675,-0.50989854,-0.80900455,-0.9259883,1.1016791,-1.0265251,-1.5103717,-0.1326124,0.7067579,0.42055985,1.6216819,-0.737256,0.67841446,1.2506217,-0.87612,-1.1173599,-0.03184834
1.7067196,-0.4734069,-1.2916095,1.6202179,1.5119284,-0.528629,-0.6976328,-0.06288342,-0.3811798,1.2194412,0.733744,1.6922921,1.3538221,1.6346599,-0.41954494,-1.9097397,-0.509201,0.5629646,-0.86872435,-1.4355494,0.31679636,0.14892103,-0.20452501,2.0546093,-0.7189677,0.9243331,-0.8154375,-0.24411663,-0.4510231,0.7058168
2.766651,0.064839855,1.0693436,0.6048516,-0.5089994,-0.16202731,1.083468,0.03558646,0.541402,-0.9516366,-0.98802596,1.1439081,1.5886796,1.3006146,-0.090078995,0.29833633,-1.3015069,0.3323185,-0.67881286,-0.7056256,1.0000585,-0.6860628,-1.769476,-0.16045147,-0.79078156,0.8232552,1.7294025,-1.4985352,0.18460199,-0.6058346
0.10919866,0.8683589,0.014867291,0.5619042,0.9832011,-0.20545772,-0.75664175,-0.3552601,-1.2283317,-0.7214136,0.59397334,-0.53806645,0.5524283,2.3813093,-1.7187138,0.23477668,-1.9182482,1.3967272,-1.1606318,-0.14157939,-0.26600477,0.22001342,1.9750051,1.7119135,-0.42828837,2.104944,1.8026724,0.54236674,-1.0746142,0.3750534
-0.15331434,0.25549206,-0.87068754,0.9722053,0.15078536,-0.24185777,-0.15779024,0.3407404,-2.1456997,-2.1771483,1.2923946,-0.7101471,0.64121336,1.402124,-1.2889961,-1.0251461,-1.6092508,0.7344742,-1.5918576,0.38085902,-1.5019764,-0.06939834,0.35531676,1.508563,-0.84612733,1.1903478,1.2086358,-1.2607868,-0.6238326,0.08524507
0.6226114,0.71915853,0.5383344,-0.1328286,-0.58684665,-0.64239246,0.45750338,-0.49796477,-1.6963793,-0.1364677,-0.16500066,0.6400509,1.9398348,2.027863,-1.2609594,-1.1927418,-1.3287939,0.0005961419,-1.2695106,-0.8017812,-0.0968926,-1.5045817,-0.25779572,1.3499433,-0.94990677,1.4517591,1.7582875,-0.029638603,0.6202432,0.35147282
2.067918,-0.32738125,0.83711666,1.2030222,0.08582379,-1.5852622,-1.4775978,-1.1781479,-0.87104595,0.4657357,-0.020368442,0.17233187,1.1609032,2.3072066,-0.2953751,-0.9707162,-1.2642727,-0.084853664,-1.293546,-0.8186263,-0.59918594,-0.14241013,0.11231365,1.6245047,-0.60007644,0.62983763,0.2805992,-0.7164161,-1.0848753,1.1900761
0.7252713,0.01361895,0.5018014,0.5484047,0.020294972,-2.0255477,-1.2891941,-1.5607936,-1.5944369,-0.609703,-1.0856805,-0.22754328,0.90295285,0.5810696,-1.5689328,-1.809478,-0.42983037,0.35831493,-2.1513379,-0.31859517,0.08213383,-0.4264893,0.60503334,1.3821439,-0.22521591,-0.93368554,-0.10395063,-2.1127884,-0.01222764,0.14094554
1.3318065,0.062548295,0.2078128,-0.16958389,-0.19240549,-1.0077782,0.4091552,1.9081024,-0.8280959,0.04258851,-0.43056777,1.5156605,0.4737044,1.2656842,0.23327252,0.93626726,0.39691252,0.14735325,-0.8358332,-0.16331221,0.43874714,-1.6033843,-0.20295075,2.0431323,0.06376341,1.1000105,0.70597,-0.58685285,0.4686741,1.0551382
2.451657,0.61825883,-0.70152736,0.74300194,-0.59430724,-0.076170385,0.034973547,-1.2787101,-0.3970843,0.9963149,0.29025787,1.441941,0.8096531,0.584628,1.0337442,0.6306935,-0.38992906,1.5851611,0.7755945,0.6386483,-1.1642215,-0.1100795,-1.124463,1.7210746,-0.8946176,1.0926435,1.3194867,0.22801659,0.62643254,1.2530205
1.0132705,-1.2542727,0.5896169,2.0716963,-0.31961045,-0.41360506,-0.7931703,-0.6247442,-0.09180685,-0.85643876,1.1624615,0.25800568,-0.49487627,1.6400125,-0.74377954,0.5610079,-0.79138416,-0.33675206,-1.4107292,-1.4798889,-1.3703878,-1.023312,0.5347183,1.0356578,-0.28533566,1.8454981,1.5192157,0.24549153,0.20405167,0.11225781
0.37361097,-0.53665626,1.4074196,1.932087,-0.92671674,-0.05549731,0.1775109,-0.15738384,-0.5575657,-1.3428776,-0.4418168,0.9995906,0.49859738,0.77927184,0.08055143,-0.06677702,-2.3178742,-0.67550194,-0.10181142,-0.12333606,-0.55239743,-0.93508613,-0.036307648,1.1605642,1.1760423,1.4406934,1.6582056,-0.37496233,-0.82561815,0.6347323
1.5235157,-0.13077709,0.8972545,1.4097338,0.48889568,0.14718977,-0.8250022,0.039906614,-1.9228588,-0.6130254,-0.19111097,-0.3279978,-0.8006984,1.610373,0.049022153,-0.80269605,-1.635377,0.14197904,-2.193129,-0.5578687,-1.4519005,-0.79489535,0.23359488,1.4788802,0.6342329,1.1076151,1.4859465,-0.20515332,-0.42900226,1.0380137
1.3438494,-0.033231508,-0.30628926,0.8465493,0.5873649,-2.2667205,-1.3921465,-0.47670946,-0.56692237,0.7509827,-0.09106183,0.25131702,1.9642836,1.9095104,-0.6981251,-0.17820199,0.018342271,-0.8546001,-1.4344525,-0.55373293,-0.47679102,-0.8365255,-0.2190899,1.9151258,0.3317076,0.8499025,0.13565606,-0.41571364,-0.8599926,1.3363776
-0.3325981,0.069469124,1.3319868,1.8445561,-0.80745655,-0.34757313,-0.54520106,-0.10190822,-0.09421265,0.66232574,-1.2036004,1.7503457,-0.48828316,0.93695676,0.21391177,0.1495134,-0.35201848,-0.3650672,0.5242319,-0.84447044,-1.5758265,0.65140194,0.30370936,1.5395625,0.092044175,2.6787848,0.13766517,-0.5760795,-0.5712384,0.04625375
1.5285017,0.045558423,-0.3439096,1.2123432,0.336129,-1.2183039,0.3221807,-0.8914792,-0.45706874,-0.4654531,-0.6313413,1.6156545,0.2496816,0.8241831,-0.14720088,0.59654784,-0.18858278,0.7904545,0.9027879,0.9979229,-0.08347153,0.2004944,0.23244561,2.3369527,-0.38608366,2.8193457,-0.6625802,-1.648941,0.1579811,0.5614196
1.4672421,0.05992248,0.5008524,0.4920773,0.29408827,0.61899734,0.2730562,-0.22667287,0.20512874,-1.1809119,-2.0005784,0.60253215,-0.18078534,0.52078116,-1.5451152,0.45608926,-1.5561441,0.45990044,0.91983783,1.0409493,0.65925926,-0.29198685,-0.7739175,1.7809166,0.088730216,0.89470446,0.75308955,-0.43442962,-1.1361072,1.0596306
2.313963,-0.2352834,0.26449764,1.1054422,-0.753401,0.86556715,0.052871495,-0.19276111,-0.50831646,-0.5211302,-0.92841345,0.90938073,0.48885965,0.763878,-0.51767725,1.0695364,-0.24881175,0.16165459,-0.078253314,-0.34881067,-0.04296858,0.30451185,0.24871436,1.7498341,-0.90615714,1.692057,0.25327381,-2.382299,-0.35992283,1.2762353
1.2045581,1.0299832,0.53465325,0.99520683,0.7029898,-0.9499826,0.022902325,0.65670353,0.8269055,-0.8487655,-1.4648664,1.2033333,0.3051666,1.8175601,-0.99339104,1.0408189,0.3214677,0.3997475,0.28683966,-0.7341334,-0.43118298,0.15513964,-0.83627915,1.6632388,0.16895956,1.4646617,0.65659535,-1.3435249,-1.7025106,1.1628203
1.3529279,-1.2341099,0.93716615,1.2561295,0.1869483,-0.43729302,-1.0669073,-0.040864866,-0.6515174,-0.53380406,-0.24576586,0.9043577,0.23293309,0.28986758,-1.2148503,0.31027657,-0.8569105,0.11346993,-0.49324405,-1.5165322,-0.7974507,-0.7340177,1.3346971,2.3024251,-0.64531827,2.0902336,0.76512897,-0.8471419,-0.7118549,-0.33910817
2.3872173,0.16159047,1.1425344,0.35571504,-0.61473274,-0.8248893,-0.036041744,0.39762974,-0.031106226,-0.56000984,-2.0691998,1.3794639,0.85179013,0.7715888,-0.038105287,0.5131708,-0.4196422,0.6296591,0.4968442,-0.61248505,0.07744844,0.60685307,0.100203276,1.443883,0.55470663,1.5380881,1.0051,-0.7336876,-0.43351096,1.0154377
2.1062737,1.1541221,-0.20994154,0.6686099,-0.20282117,-0.5105017,-0.3260709,0.07008526,-0.31426007,0.24475604,-0.90863365,0.91296273,-0.21943958,1.4860616,-0.50106657,1.6722695,0.01710029,0.7600731,-0.42867696,-0.3334567,1.0454985,0.6545288,-1.1420883,1.671361,-0.49017975,1.0346035,-0.5840942,-0.21554571,-0.8513905,2.4170375
1.6491505,0.79489756,-0.45411357,0.32812324,-0.24244067,-0.8888224,0.011951327,0.17700578,-0.71340966,0.024234079,-1.5765512,1.0789722,0.8348369,1.5728562,-0.56428015,0.4853332,-0.24372385,1.2971078,-1.1053027,-1.3702235,0.46231782,-0.27567953,-1.3929585,1.4533489,0.5047445,1.1353614,0.7528141,-1.6882069,-1.2478133,0.9502595
0.421084,0.26948833,0.3028535,1.825762,-0.3790396,-0.4553564,0.18318711,0.28561485,-0.814637,-1.1125034,-0.31060797,0.53498137,-0.31336868,0.9885278,-1.4563324,-0.90773755,-1.8057975,0.04957728,-1.1858705,-0.23895481,0.024180382,-0.61193824,0.64275223,1.1166723,-0.05856839,0.86161435,0.8973043,-0.42229617,-1.7089939,0.49605554
0.70148087,0.94509876,-0.30897063,1.7812366,0.3293573,-0.735766,-2.01138,1.0211488,-1.7805761,-1.0847098,0.1337721,-0.53318083,0.49731982,0.8589647,-1.7445964,-0.19113366,-0.56564385,0.6852362,0.2838994,-0.91976094,-0.056042425,-0.17667751,-0.30730972,1.0754868,-1.8331327,0.76777494,0.63159704,-0.9680287,-1.4972222,0.77003014
2.5600166,1.3702708,1.2445196,0.5586964,-0.32705835,-0.5038002,-0.5055423,0.8028243,-0.7256855,-0.7646106,-0.6755543,1.2104763,0.46933573,0.06815229,-1.115727,1.1120629,0.077586666,-0.08001809,-1.1506686,-0.6454643,0.14074177,0.7453964,-0.9354357,1.6278749,-1.4710329,1.3391889,0.37745094,-0.39246488,-1.2947911,0.72501034
1.1417046,0.80378604,0.3108311,0.4497072,0.36065885,-1.1278199,-0.57240564,-1.054356,-0.47733122,-1.0055547,-0.79861104,0.73731303,0.13934687,1.3850946,-1.3774668,0.5805139,-0.29003543,-0.19653921,-0.6072184,-0.44930574,0.49011067,-0.43331814,0.23299766,2.7303636,-0.036727026,1.5377429,0.4027592,-0.11588016,-1.3400773,0.97087437
2.0658655,0.3404244,0.75848365,1.4217544,-0.29393685,-1.2410057,0.09668355,-0.078686684,0.43016946,-0.63930255,-0.25978383,1.5732816,0.7769738,0.83511543,-0.9082631,0.09526871,-0.5451508,0.57974464,0.21323526,0.5464227,0.5842946,0.50565076,-0.5459006,2.5836463,0.18602988,1.6536174,0.19076441,-1.4329803,0.08978471,1.0220958
1.7327483,-0.051094163,-0.4705698,1.931632,0.21609554,-0.94991386,-1.7952238,0.33451054,0.25417483,0.358629,-2.131902,1.4440012,0.7099484,1.5574076,0.39511922,0.911242,-1.006482,0.25773478,-0.56457883,-1.3115497,0.89075565,0.4491595,-0.6968795,1.9311446,0.2043665,0.73857546,0.16994634,0.28466168,-1.3712045,0.55876756
2.3678036,1.0229815,0.97559553,1.2201046,-0.768228,-0.7089304,-0.47631234,-0.114641875,0.70812136,-0.8738709,-2.6388736,1.0153329,0.86908203,0.26996952,0.034944996,-0.5515978,-1.6338204,1.2255944,-0.00073862076,-1.4990644,0.44555175,0.49311584,-0.23444125,1.6364582,-1.2384148,0.8003179,0.01167246,0.43401563,-0.45371908,0.670275
1.9169164,1.6384717,0.23573744,1.0440767,0.5363868,-0.2178958,1.0916126,-1.486273,-0.5571704,0.38414887,-0.3842766,-0.80724555,0.13050696,-0.60022664,-1.5102242,0.5714019,0.66616917,-0.61628747,-0.16629928,-0.14451067,0.6021653,-0.31778097,0.9491278,1.6152593,-0.96508676,1.5972196,0.5863781,-1.0514804,0.4438704,1.4639888
1.8333527,1.1805727,0.8741768,-0.007736653,1.428641,-1.3448155,0.3190891,-0.22900145,-0.7766934,0.011402182,-0.8617929,0.14988598,1.4703188,0.06550293,-0.6690389,-1.077195,-0.41860366,-1.1363094,1.4448024,-1.2319502,-0.10611395,0.4053688,-1.2571007,1.5593123,-0.8278187,1.4566787,-0.3016033,0.66942424,0.15427229,-0.71415627
2.2764096,-0.75431484,0.99145967,0.15786856,0.14344105,-1.8733114,-0.08172222,0.91852206,-0.13453953,0.06819529,1.3294859,-0.09712,0.7863853,0.89239204,-0.27858478,1.2950042,-0.26374358,0.42891228,0.009993672,0.45136023,0.34083766,-0.89801836,1.5356126,1.5781296,1.047271,1.0170096,0.21219099,-0.61498696,1.054152,0.16866143
1.2152437,0.44360727,-1.205105,0.29184604,-0.37330043,0.4494284,-1.7521343,1.5747656,-1.1390944,-1.3357441,-0.43329555,-0.1538784,-0.23438753,1.1485891,-1.2979794,0.33971882,-0.24255241,1.8680235,-0.76696885,-1.1255178,-1.408936,1.3412156,0.8966283,1.1750653,-1.7618673,0.746552,0.051377393,-1.3158288,0.42306808,-0.12740153
